genre_name,coordinate_top,coordinate_left,estimated_mood
pop,4997,783,Atmospheric/Calm
rap,5866,1068,Atmospheric/Calm
rock,11552,563,Atmospheric/Calm
urbano latino,3456,1170,Atmospheric/Calm
hip hop,6854,1086,Atmospheric/Calm
trap latino,3723,1182,Atmospheric/Calm
reggaeton,3087,1173,Atmospheric/Calm
dance pop,3478,862,Atmospheric/Calm
pop rap,5285,1043,Atmospheric/Calm
modern rock,5689,471,Atmospheric/Calm
pov: indie,7866,615,Atmospheric/Calm
musica mexicana,13121,986,Atmospheric/Calm
latin pop,6316,826,Atmospheric/Calm
classic rock,13282,646,Atmospheric/Calm
filmi,15070,772,Atmospheric/Calm
permanent wave,8984,488,Atmospheric/Calm
trap,5478,1064,Atmospheric/Calm
alternative metal,6864,306,Deep/Acoustic
k-pop,5326,777,Atmospheric/Calm
r&b,6238,919,Atmospheric/Calm
corrido,13324,1062,Atmospheric/Calm
canadian pop,9390,646,Atmospheric/Calm
norteno,12859,1021,Atmospheric/Calm
sierreno,13402,1032,Atmospheric/Calm
album rock,10880,490,Atmospheric/Calm
soft rock,10613,630,Atmospheric/Calm
pop dance,2608,779,Atmospheric/Calm
sad sierreno,13185,1005,Atmospheric/Calm
edm,2647,767,Atmospheric/Calm
hard rock,10110,368,Deep/Acoustic
contemporary country,6852,554,Atmospheric/Calm
mellow gold,12672,621,Atmospheric/Calm
uk pop,8311,760,Atmospheric/Calm
melodic rap,4726,1060,Atmospheric/Calm
modern bollywood,8901,783,Atmospheric/Calm
alternative rock,9647,416,Atmospheric/Calm
banda,11092,994,Atmospheric/Calm
post-grunge,5075,372,Deep/Acoustic
corridos tumbados,13363,1009,Atmospheric/Calm
sertanejo universitario,8841,832,Atmospheric/Calm
nu metal,5839,335,Deep/Acoustic
country,12934,729,Atmospheric/Calm
art pop,9611,599,Atmospheric/Calm
atl hip hop,4354,1062,Atmospheric/Calm
urban contemporary,5618,937,Atmospheric/Calm
sertanejo,9856,808,Atmospheric/Calm
southern hip hop,5426,1055,Atmospheric/Calm
singer-songwriter,14451,670,Atmospheric/Calm
reggaeton colombiano,3653,1159,Atmospheric/Calm
arrocha,8462,961,Atmospheric/Calm
french hip hop,10918,1073,Atmospheric/Calm
colombian pop,4479,1009,Atmospheric/Calm
alt z,8689,834,Atmospheric/Calm
country road,7385,563,Atmospheric/Calm
mexican pop,5348,797,Atmospheric/Calm
canadian hip hop,8790,1026,Atmospheric/Calm
j-pop,5268,519,Atmospheric/Calm
indonesian pop,9650,568,Atmospheric/Calm
singer-songwriter pop,9101,813,Atmospheric/Calm
ranchera,14637,834,Atmospheric/Calm
new wave pop,5552,705,Atmospheric/Calm
indietronica,5143,677,Atmospheric/Calm
german hip hop,9579,1070,Atmospheric/Calm
pop urbaine,9076,1092,Atmospheric/Calm
rock en espanol,5172,739,Atmospheric/Calm
latin alternative,5892,765,Atmospheric/Calm
gangster rap,6148,1103,Atmospheric/Calm
soul,16511,832,Atmospheric/Calm
k-pop boy group,4033,741,Atmospheric/Calm
latin arena pop,6358,686,Atmospheric/Calm
chicago rap,6791,1011,Atmospheric/Calm
italian pop,9338,751,Atmospheric/Calm
heartland rock,11956,540,Atmospheric/Calm
k-pop girl group,3066,895,Atmospheric/Calm
agronejo,8501,847,Atmospheric/Calm
modern country pop,8297,533,Atmospheric/Calm
electro house,2180,839,Atmospheric/Calm
latin hip hop,3185,1153,Atmospheric/Calm
canadian contemporary r&b,9481,795,Atmospheric/Calm
pop punk,4549,327,Deep/Acoustic
neo mellow,10411,568,Atmospheric/Calm
pop rock,6766,469,Atmospheric/Calm
latin rock,5289,711,Atmospheric/Calm
punjabi pop,10481,1005,Atmospheric/Calm
rap metal,5651,433,Atmospheric/Calm
trap argentino,6336,1103,Atmospheric/Calm
new romantic,4646,689,Atmospheric/Calm
new wave,5140,607,Atmospheric/Calm
uk dance,2202,947,Atmospheric/Calm
slap house,2352,868,Atmospheric/Calm
modern alternative rock,5114,443,Atmospheric/Calm
indie pop,11292,573,Atmospheric/Calm
indie rock,9921,469,Atmospheric/Calm
house,1379,1108,Atmospheric/Calm
conscious hip hop,10057,1041,Atmospheric/Calm
modern country rock,5468,530,Atmospheric/Calm
east coast hip hop,7975,1112,Atmospheric/Calm
folk rock,14550,650,Atmospheric/Calm
metal,8923,214,Deep/Acoustic
turkish pop,7681,744,Atmospheric/Calm
bedroom pop,9805,716,Atmospheric/Calm
desi pop,9243,813,Atmospheric/Calm
italian hip hop,8939,973,Atmospheric/Calm
hoerspiel,16131,1325,Atmospheric/Calm
afrobeats,8601,1066,Atmospheric/Calm
adult standards,18832,700,Atmospheric/Calm
post-teen pop,4676,711,Atmospheric/Calm
neo soul,13763,772,Atmospheric/Calm
sped up,5314,864,Atmospheric/Calm
cloud rap,8664,866,Atmospheric/Calm
viral pop,10233,765,Atmospheric/Calm
talent show,4617,683,Atmospheric/Calm
spanish pop,6665,758,Atmospheric/Calm
punk,8873,350,Deep/Acoustic
alternative r&b,10520,967,Atmospheric/Calm
grupera,9816,921,Atmospheric/Calm
west coast rap,5478,1159,Atmospheric/Calm
opm,12474,563,Atmospheric/Calm
boy band,3653,718,Atmospheric/Calm
psychedelic rock,13945,604,Atmospheric/Calm
glam metal,8565,317,Deep/Acoustic
stomp and holler,13256,530,Atmospheric/Calm
desi hip hop,6488,1056,Atmospheric/Calm
ccm,7174,346,Deep/Acoustic
rage rap,4454,957,Atmospheric/Calm
hip pop,5113,1013,Atmospheric/Calm
puerto rican pop,6290,933,Atmospheric/Calm
german pop,6804,795,Atmospheric/Calm
miami hip hop,4279,1068,Atmospheric/Calm
argentine rock,9011,615,Atmospheric/Calm
sertanejo pop,8728,834,Atmospheric/Calm
tropical,12948,1066,Atmospheric/Calm
glam rock,11355,528,Atmospheric/Calm
funk carioca,6550,1205,Atmospheric/Calm
nigerian pop,9344,1068,Atmospheric/Calm
argentine hip hop,7384,1114,Atmospheric/Calm
dark trap,4354,973,Atmospheric/Calm
latin viral pop,4186,949,Atmospheric/Calm
piano rock,12549,588,Atmospheric/Calm
detroit hip hop,9970,1049,Atmospheric/Calm
italian adult pop,12179,636,Atmospheric/Calm
country rock,13862,680,Atmospheric/Calm
underground hip hop,8488,988,Atmospheric/Calm
mexican hip hop,6803,1112,Atmospheric/Calm
progressive electro house,2016,828,Atmospheric/Calm
synthpop,3168,741,Atmospheric/Calm
metropopolis,5410,535,Atmospheric/Calm
garage rock,9106,396,Deep/Acoustic
indie folk,14512,593,Atmospheric/Calm
vocal jazz,19562,795,Atmospheric/Calm
classical,21730,380,Deep/Acoustic
europop,2922,786,Atmospheric/Calm
progressive house,2089,721,Atmospheric/Calm
art rock,12934,521,Atmospheric/Calm
yacht rock,10904,746,Atmospheric/Calm
mpb,14082,806,Atmospheric/Calm
pagode,11529,830,Atmospheric/Calm
tropical house,3569,864,Atmospheric/Calm
urbano espanol,10083,1047,Atmospheric/Calm
chamber pop,13108,473,Atmospheric/Calm
rap francais,8502,1106,Atmospheric/Calm
dance rock,2878,705,Atmospheric/Calm
j-rock,6062,404,Atmospheric/Calm
polish hip hop,8038,1047,Atmospheric/Calm
sleep,17972,83,Deep/Acoustic
folk,15717,741,Atmospheric/Calm
anime,5555,414,Atmospheric/Calm
trap brasileiro,9541,1071,Atmospheric/Calm
disco,8690,881,Atmospheric/Calm
pluggnb,6524,885,Atmospheric/Calm
british soul,6791,847,Atmospheric/Calm
metalcore,5143,207,Deep/Acoustic
australian pop,6505,694,Atmospheric/Calm
uk hip hop,10672,1053,Atmospheric/Calm
christian music,7136,360,Deep/Acoustic
gen z singer-songwriter,12547,760,Atmospheric/Calm
electropop,5199,781,Atmospheric/Calm
big room,2236,760,Atmospheric/Calm
forro,7729,965,Atmospheric/Calm
swedish pop,6679,677,Atmospheric/Calm
classic oklahoma country,15249,786,Atmospheric/Calm
reggaeton flow,4909,1144,Atmospheric/Calm
pop nacional,6928,935,Atmospheric/Calm
british invasion,12646,642,Atmospheric/Calm
mexican rock,5348,636,Atmospheric/Calm
indie soul,7210,949,Atmospheric/Calm
contemporary r&b,5022,929,Atmospheric/Calm
folk-pop,11056,583,Atmospheric/Calm
white noise,17985,0,Deep/Acoustic
pagode novo,11955,795,Atmospheric/Calm
soundtrack,16511,210,Deep/Acoustic
funk metal,7273,499,Atmospheric/Calm
grunge,10489,308,Deep/Acoustic
french pop,9855,711,Atmospheric/Calm
emo rap,6791,758,Atmospheric/Calm
salsa,13887,1049,Atmospheric/Calm
rain,16949,45,Deep/Acoustic
r&b francais,8210,1015,Atmospheric/Calm
lgbtq+ hip hop,5493,1021,Atmospheric/Calm
turkish rock,10932,554,Atmospheric/Calm
memphis hip hop,3882,1141,Atmospheric/Calm
mariachi,15208,765,Atmospheric/Calm
brostep,2864,802,Atmospheric/Calm
classic soul,14736,802,Atmospheric/Calm
funk mtg,8253,1261,Atmospheric/Calm
trap triste,7987,1005,Atmospheric/Calm
dirty south rap,5026,1088,Atmospheric/Calm
melodic metalcore,5715,201,Deep/Acoustic
blues rock,14688,781,Atmospheric/Calm
alternative hip hop,11265,977,Atmospheric/Calm
melancholia,13589,469,Atmospheric/Calm
pop soul,9831,799,Atmospheric/Calm
brazilian gospel,11243,508,Atmospheric/Calm
outlaw country,14946,893,Atmospheric/Calm
orchestral soundtrack,17224,247,Deep/Acoustic
dutch house,2339,832,Atmospheric/Calm
turkish hip hop,6703,1030,Atmospheric/Calm
queens hip hop,9606,1070,Atmospheric/Calm
christian alternative rock,5816,392,Deep/Acoustic
mandopop,9986,583,Atmospheric/Calm
lounge,19345,630,Atmospheric/Calm
worship,8909,257,Deep/Acoustic
dfw rap,5581,1097,Atmospheric/Calm
electronica,4483,817,Atmospheric/Calm
pixel,7103,860,Atmospheric/Calm
trap italiana,6653,984,Atmospheric/Calm
pop reggaeton,4793,1115,Atmospheric/Calm
new orleans rap,7521,1073,Atmospheric/Calm
otacore,7261,607,Atmospheric/Calm
rock-and-roll,15435,739,Atmospheric/Calm
funk,9793,919,Atmospheric/Calm
quiet storm,10991,813,Atmospheric/Calm
motown,12413,777,Atmospheric/Calm
japanese teen pop,5406,718,Atmospheric/Calm
brazilian hip hop,11377,1066,Atmospheric/Calm
gruperas inmortales,12400,990,Atmospheric/Calm
kleine hoerspiel,16248,1259,Atmospheric/Calm
indie poptimism,5683,667,Atmospheric/Calm
dream pop,10178,337,Deep/Acoustic
rap conscient,10771,1051,Atmospheric/Calm
neo-synthpop,2718,734,Atmospheric/Calm
funk rock,7236,774,Atmospheric/Calm
easy listening,18744,519,Atmospheric/Calm
bolero,17316,860,Atmospheric/Calm
g funk,4923,1187,Atmospheric/Calm
barbadian pop,3214,967,Atmospheric/Calm
progressive rock,12672,412,Atmospheric/Calm
eurodance,1534,917,Atmospheric/Calm
hardcore hip hop,10245,1086,Atmospheric/Calm
bachata,8026,1173,Atmospheric/Calm
australian dance,2762,839,Atmospheric/Calm
neon pop punk,4483,344,Deep/Acoustic
emo,7485,333,Deep/Acoustic
trap boricua,8089,1115,Atmospheric/Calm
brazilian rock,7956,596,Atmospheric/Calm
funk paulista,8507,1256,Atmospheric/Calm
pop venezolano,6311,1082,Atmospheric/Calm
cantautor,13996,763,Atmospheric/Calm
chanson,16202,756,Atmospheric/Calm
drift phonk,2339,939,Atmospheric/Calm
florida rap,6187,1137,Atmospheric/Calm
bedroom r&b,7128,828,Atmospheric/Calm
latin christian,8198,593,Atmospheric/Calm
movie tunes,16335,705,Atmospheric/Calm
indonesian pop rock,6977,517,Atmospheric/Calm
russian hip hop,8652,1004,Atmospheric/Calm
spanish hip hop,12141,1040,Atmospheric/Calm
cali rap,7215,1101,Atmospheric/Calm
dancehall,9767,1114,Atmospheric/Calm
brooklyn drill,8076,1130,Atmospheric/Calm
trap queen,4161,1166,Atmospheric/Calm
urbano chileno,5387,1137,Atmospheric/Calm
color noise,17417,40,Deep/Acoustic
children's music,12524,1066,Atmospheric/Calm
world worship,9426,275,Deep/Acoustic
urbano mexicano,5972,1099,Atmospheric/Calm
sheffield indie,10269,394,Deep/Acoustic
classic texas country,12451,705,Atmospheric/Calm
escape room,5526,883,Atmospheric/Calm
modern indie pop,7830,777,Atmospheric/Calm
funk rj,6166,1278,Atmospheric/Calm
plugg,6084,955,Atmospheric/Calm
anime rock,3711,408,Atmospheric/Calm
merseybeat,14847,636,Atmospheric/Calm
reggae fusion,10020,1090,Atmospheric/Calm
shoegaze,9401,255,Deep/Acoustic
tamil hip hop,6766,915,Atmospheric/Calm
britpop,6827,374,Deep/Acoustic
australian rock,9352,542,Atmospheric/Calm
industrial metal,2657,447,Atmospheric/Calm
baroque pop,13034,559,Atmospheric/Calm
brooklyn indie,8546,447,Atmospheric/Calm
pop argentino,5742,845,Atmospheric/Calm
r&b en espanol,5718,1073,Atmospheric/Calm
trance,2046,624,Atmospheric/Calm
turkish trap,5174,1051,Atmospheric/Calm
thai pop,7743,708,Atmospheric/Calm
lilith,12056,583,Atmospheric/Calm
indian instrumental,12921,790,Atmospheric/Calm
downtempo,4888,802,Atmospheric/Calm
southern rock,12031,547,Atmospheric/Calm
sophisti-pop,5961,748,Atmospheric/Calm
punjabi hip hop,7202,1095,Atmospheric/Calm
polish trap,6236,1040,Atmospheric/Calm
socal pop punk,5665,406,Atmospheric/Calm
candy pop,4500,544,Atmospheric/Calm
tamil pop,8626,921,Atmospheric/Calm
rockabilly,15522,763,Atmospheric/Calm
girl group,2638,913,Atmospheric/Calm
uk contemporary r&b,9743,870,Atmospheric/Calm
atl trap,4702,1148,Atmospheric/Calm
old school thrash,10048,238,Deep/Acoustic
classic bollywood,17388,689,Atmospheric/Calm
compositional ambient,20317,366,Deep/Acoustic
gym phonk,2382,953,Atmospheric/Calm
north carolina hip hop,9529,1071,Atmospheric/Calm
dark r&b,7618,729,Atmospheric/Calm
country dawn,10957,578,Atmospheric/Calm
symphonic rock,12884,435,Atmospheric/Calm
tennessee hip hop,4670,1105,Atmospheric/Calm
instrumental lullaby,19708,943,Atmospheric/Calm
pittsburgh rap,9945,1025,Atmospheric/Calm
thrash metal,10007,221,Deep/Acoustic
afropop,11117,967,Atmospheric/Calm
screamo,6702,249,Deep/Acoustic
canadian rock,6124,400,Atmospheric/Calm
kindermusik,13578,1077,Atmospheric/Calm
melodic drill,8213,1182,Atmospheric/Calm
nyc rap,11553,1051,Atmospheric/Calm
modern blues rock,11442,484,Atmospheric/Calm
rock nacional brasileiro,7931,650,Atmospheric/Calm
philly rap,10096,1038,Atmospheric/Calm
afrofuturism,10460,845,Atmospheric/Calm
healing hz,19499,108,Deep/Acoustic
cumbia pop,6412,1075,Atmospheric/Calm
rap latina,5401,1148,Atmospheric/Calm
reggae,7322,1212,Atmospheric/Calm
madchester,5803,441,Atmospheric/Calm
spanish pop rock,6086,674,Atmospheric/Calm
k-rap,6666,1023,Atmospheric/Calm
dutch hip hop,6903,1123,Atmospheric/Calm
trip hop,4530,868,Atmospheric/Calm
la indie,7149,492,Atmospheric/Calm
alternative dance,2674,815,Atmospheric/Calm
v-pop,10785,724,Atmospheric/Calm
rap rock,4632,804,Atmospheric/Calm
funk consciente,8812,1258,Atmospheric/Calm
indie anthem-folk,13626,542,Atmospheric/Calm
musica chihuahuense,9294,899,Atmospheric/Calm
chill house,6855,756,Atmospheric/Calm
australian hip hop,5680,1026,Atmospheric/Calm
azontobeats,8714,1026,Atmospheric/Calm
new americana,14205,618,Atmospheric/Calm
tejano,8990,1007,Atmospheric/Calm
korean ost,13663,526,Atmospheric/Calm
nova mpb,11542,841,Atmospheric/Calm
dutch edm,1999,868,Atmospheric/Calm
j-division,3857,535,Atmospheric/Calm
sertanejo tradicional,13237,843,Atmospheric/Calm
acoustic pop,12574,581,Atmospheric/Calm
aesthetic rap,5088,1011,Atmospheric/Calm
pop flamenco,9955,849,Atmospheric/Calm
cancion melodica,16891,607,Atmospheric/Calm
sigilkore,7224,586,Atmospheric/Calm
rap conciencia,12734,1049,Atmospheric/Calm
neo-psychedelic,10600,388,Deep/Acoustic
dutch pop,9749,708,Atmospheric/Calm
adoracao,10295,384,Deep/Acoustic
ska argentino,6642,841,Atmospheric/Calm
irish rock,10337,449,Atmospheric/Calm
classic italian pop,14983,659,Atmospheric/Calm
indie pop rap,6955,990,Atmospheric/Calm
pop r&b,8101,911,Atmospheric/Calm
groove metal,8552,242,Deep/Acoustic
power metal,5740,203,Deep/Acoustic
lo-fi study,11717,921,Atmospheric/Calm
classic country pop,15448,772,Atmospheric/Calm
danish pop,5632,887,Atmospheric/Calm
jazz,19462,901,Atmospheric/Calm
industrial rock,3390,508,Atmospheric/Calm
hyperpop,5237,767,Atmospheric/Calm
axe,9076,899,Atmospheric/Calm
phonk brasileiro,6929,1094,Atmospheric/Calm
pixie,4062,370,Deep/Acoustic
bossa nova,16844,828,Atmospheric/Calm
uk post-punk,8013,490,Atmospheric/Calm
lo-fi indie,13701,501,Atmospheric/Calm
cumbia sonidera,4951,1099,Atmospheric/Calm
southern soul,13274,845,Atmospheric/Calm
roots reggae,6916,1210,Atmospheric/Calm
sad rap,7153,982,Atmospheric/Calm
german techno,1479,1055,Atmospheric/Calm
lo-fi beats,13442,1023,Atmospheric/Calm
sad lo-fi,10894,975,Atmospheric/Calm
pop emo,3887,325,Deep/Acoustic
binaural,18352,104,Deep/Acoustic
german metal,5890,249,Deep/Acoustic
cumbia villera,9668,1011,Atmospheric/Calm
latin worship,8199,460,Atmospheric/Calm
german dance,2075,899,Atmospheric/Calm
drill,6061,979,Atmospheric/Calm
pop edm,3390,713,Atmospheric/Calm
arab pop,9599,746,Atmospheric/Calm
brazilian reggae,8740,1009,Atmospheric/Calm
broadway,18218,521,Atmospheric/Calm
roots rock,14045,683,Atmospheric/Calm
samba,15510,849,Atmospheric/Calm
tech house,555,1347,Unknown
filter house,1973,982,Atmospheric/Calm
video game music,12423,272,Deep/Acoustic
neo-classical,20923,512,Atmospheric/Calm
jazz pop,15809,790,Atmospheric/Calm
show tunes,16435,615,Atmospheric/Calm
rap canario,7030,1117,Atmospheric/Calm
mollywood,12786,802,Atmospheric/Calm
sufi,12872,731,Atmospheric/Calm
swedish hip hop,10271,1034,Atmospheric/Calm
turkish alt pop,10122,708,Atmospheric/Calm
hollywood,16102,627,Atmospheric/Calm
spanish rock,7556,639,Atmospheric/Calm
nursery,13540,969,Atmospheric/Calm
irish singer-songwriter,14377,549,Atmospheric/Calm
electro latino,2513,1041,Atmospheric/Calm
shimmer pop,5231,573,Atmospheric/Calm
lullaby,17797,462,Atmospheric/Calm
korean r&b,8855,917,Atmospheric/Calm
baton rouge rap,5413,1121,Atmospheric/Calm
skate punk,7409,342,Deep/Acoustic
grime,6942,1019,Atmospheric/Calm
country pop,6394,537,Atmospheric/Calm
german rock,8236,621,Atmospheric/Calm
nigerian hip hop,9705,1082,Atmospheric/Calm
russian pop,3632,847,Atmospheric/Calm
noise pop,10637,337,Deep/Acoustic
speed metal,8222,203,Deep/Acoustic
canadian trap,5453,1071,Atmospheric/Calm
indonesian indie,9959,492,Atmospheric/Calm
rap marseille,8677,1090,Atmospheric/Calm
vallenato,10994,1148,Atmospheric/Calm
kentucky hip hop,5085,1166,Atmospheric/Calm
ohio hip hop,7026,1005,Atmospheric/Calm
la pop,7211,760,Atmospheric/Calm
swedish trap pop,10183,1068,Atmospheric/Calm
salsa puertorriquena,13831,1041,Atmospheric/Calm
environmental,17154,43,Deep/Acoustic
musica para ninos,15985,659,Atmospheric/Calm
french indie pop,6343,774,Atmospheric/Calm
hindi hip hop,5866,1108,Atmospheric/Calm
tollywood,7742,980,Atmospheric/Calm
ambient pop,13335,358,Deep/Acoustic
stutter house,3595,899,Atmospheric/Calm
cloud rap francais,11315,1047,Atmospheric/Calm
jazz blues,19341,864,Atmospheric/Calm
background piano,21730,499,Atmospheric/Calm
lagu jawa,6356,834,Atmospheric/Calm
florida drill,5904,1153,Atmospheric/Calm
cuarteto,7090,927,Atmospheric/Calm
dreamo,6530,274,Deep/Acoustic
turbo folk,6531,751,Atmospheric/Calm
pinoy hip hop,6678,1081,Atmospheric/Calm
czsk hip hop,7140,1028,Atmospheric/Calm
rap napoletano,8322,925,Atmospheric/Calm
chicago drill,6425,1005,Atmospheric/Calm
japanese singer-songwriter,10109,591,Atmospheric/Calm
oxford indie,8124,437,Atmospheric/Calm
new rave,2688,815,Atmospheric/Calm
french rock,11378,819,Atmospheric/Calm
swedish electropop,3039,783,Atmospheric/Calm
classic j-pop,4676,556,Atmospheric/Calm
polish pop,6233,659,Atmospheric/Calm
drill francais,6564,1152,Atmospheric/Calm
new jack swing,4135,984,Atmospheric/Calm
canadian singer-songwriter,13750,599,Atmospheric/Calm
drill espanol,8297,1134,Atmospheric/Calm
gym hardstyle,3624,454,Atmospheric/Calm
indonesian singer-songwriter,13737,596,Atmospheric/Calm
dangdut,7668,677,Atmospheric/Calm
swing,19842,925,Atmospheric/Calm
deep house,1121,1226,Atmospheric/Calm
new french touch,2964,955,Atmospheric/Calm
industrial,6075,508,Atmospheric/Calm
uk alternative pop,7643,650,Atmospheric/Calm
coverchill,13957,893,Atmospheric/Calm
hare krishna,14798,700,Atmospheric/Calm
complextro,2731,783,Atmospheric/Calm
kollywood,7224,969,Atmospheric/Calm
uk metalcore,5965,214,Deep/Acoustic
baroque,20573,394,Deep/Acoustic
el paso indie,9157,360,Deep/Acoustic
flamenco urbano,7067,1045,Atmospheric/Calm
modern indie folk,14230,524,Atmospheric/Calm
country rap,4620,945,Atmospheric/Calm
early music,20660,388,Deep/Acoustic
glitchcore,5260,667,Atmospheric/Calm
cantopop,10425,615,Atmospheric/Calm
bachata dominicana,7521,1231,Atmospheric/Calm
modern folk rock,13170,515,Atmospheric/Calm
egyptian pop,7285,858,Atmospheric/Calm
mexican indie,5523,670,Atmospheric/Calm
bubblegrunge,9537,388,Deep/Acoustic
beatlesque,10613,454,Atmospheric/Calm
norwegian pop,8802,624,Atmospheric/Calm
meditation,19521,87,Deep/Acoustic
symphonic metal,6100,192,Deep/Acoustic
arabesk,13775,612,Atmospheric/Calm
german drill,7273,1128,Atmospheric/Calm
deep underground hip hop,7900,1073,Atmospheric/Calm
electronic trap,3519,858,Atmospheric/Calm
classic pakistani pop,14490,739,Atmospheric/Calm
electric blues,15634,887,Atmospheric/Calm
weirdcore,9269,847,Atmospheric/Calm
late romantic era,22024,325,Deep/Acoustic
chill r&b,10499,860,Atmospheric/Calm
meme rap,6980,1043,Atmospheric/Calm
viral rap,4753,1173,Atmospheric/Calm
japanese vgm,11056,427,Atmospheric/Calm
funk ostentacao,7013,1259,Atmospheric/Calm
trap funk,7215,1170,Atmospheric/Calm
arrochadeira,5085,1311,Atmospheric/Calm
indie r&b,9456,903,Atmospheric/Calm
pop rock brasileiro,6208,563,Atmospheric/Calm
previa,3594,1285,Atmospheric/Calm
blues,17792,1000,Atmospheric/Calm
covertronica,3013,856,Atmospheric/Calm
pagode baiano,11628,1106,Atmospheric/Calm
indie rock italiano,7136,508,Atmospheric/Calm
bhojpuri pop,7186,790,Atmospheric/Calm
neue deutsche harte,2878,433,Atmospheric/Calm
scandipop,3916,911,Atmospheric/Calm
classic canadian rock,10514,517,Atmospheric/Calm
meme,5143,969,Atmospheric/Calm
belgian edm,2156,929,Atmospheric/Calm
indonesian jazz,11969,753,Atmospheric/Calm
contemporary vocal jazz,17303,802,Atmospheric/Calm
nu-cumbia,4893,1055,Atmospheric/Calm
rap dominicano,6135,1203,Atmospheric/Calm
anime score,14733,454,Atmospheric/Calm
classic swedish pop,11193,686,Atmospheric/Calm
ambient lo-fi,14590,319,Deep/Acoustic
swamp rock,12067,788,Atmospheric/Calm
vocaloid,3127,510,Atmospheric/Calm
classical era,21693,462,Atmospheric/Calm
pakistani hip hop,7508,1110,Atmospheric/Calm
australian psych,9512,275,Deep/Acoustic
australian indie,7335,533,Atmospheric/Calm
instrumental hip hop,6741,909,Atmospheric/Calm
c-pop,12884,554,Atmospheric/Calm
old school atlanta hip hop,4186,1086,Atmospheric/Calm
indonesian rock,6803,439,Atmospheric/Calm
punk blues,11857,437,Atmospheric/Calm
taiwan pop,8815,581,Atmospheric/Calm
power pop,9439,462,Atmospheric/Calm
schlager,3127,746,Atmospheric/Calm
chillhop,10969,1060,Atmospheric/Calm
russian trap,6146,1004,Atmospheric/Calm
nz pop,7631,804,Atmospheric/Calm
gujarati pop,12351,697,Atmospheric/Calm
memphis soul,13970,881,Atmospheric/Calm
musica popular colombiana,12611,1157,Atmospheric/Calm
mambo chileno,4016,1168,Atmospheric/Calm
christian rock,3899,287,Deep/Acoustic
classic indonesian rock,8224,479,Atmospheric/Calm
early romantic era,22061,447,Atmospheric/Calm
edmonton indie,9465,554,Atmospheric/Calm
sacramento indie,8321,406,Atmospheric/Calm
jam band,12961,677,Atmospheric/Calm
drum and bass,1739,862,Atmospheric/Calm
melbourne bounce international,1990,996,Atmospheric/Calm
dutch rap pop,6829,1150,Atmospheric/Calm
dangdut koplo,6766,813,Atmospheric/Calm
turkish folk,15746,609,Atmospheric/Calm
golden age hip hop,4136,1203,Atmospheric/Calm
javanese dangdut,6016,858,Atmospheric/Calm
post-punk argentina,7041,729,Atmospheric/Calm
alternative emo,6815,317,Deep/Acoustic
greek trap,6387,1040,Atmospheric/Calm
post-punk,9377,492,Atmospheric/Calm
hamburg hip hop,9090,1075,Atmospheric/Calm
soul blues,16423,854,Atmospheric/Calm
pop rap brasileiro,12301,996,Atmospheric/Calm
venezuelan hip hop,12252,1092,Atmospheric/Calm
j-pixie,3624,364,Deep/Acoustic
cantautora mexicana,9167,779,Atmospheric/Calm
deep euro house,945,1275,Atmospheric/Calm
pop lgbtq+ brasileira,9331,949,Atmospheric/Calm
bass house,1502,1214,Atmospheric/Calm
nouvelle chanson francaise,11280,758,Atmospheric/Calm
crunk,4124,1121,Atmospheric/Calm
electro,1675,1148,Atmospheric/Calm
operatic pop,18235,268,Deep/Acoustic
spanish indie pop,7510,462,Atmospheric/Calm
celtic rock,10956,439,Atmospheric/Calm
vietnamese hip hop,10158,1038,Atmospheric/Calm
p-pop,6458,774,Atmospheric/Calm
indie hip hop,11107,1032,Atmospheric/Calm
stoner rock,11234,247,Deep/Acoustic
pop house,1812,941,Atmospheric/Calm
bubblegum pop,14352,659,Atmospheric/Calm
argentine indie,9193,655,Atmospheric/Calm
modern bhajan,9443,872,Atmospheric/Calm
new york drill,8063,1128,Atmospheric/Calm
red dirt,8000,501,Atmospheric/Calm
irish pop,10539,624,Atmospheric/Calm
danish hip hop,6602,1062,Atmospheric/Calm
progressive metal,7878,247,Deep/Acoustic
canadian metal,8122,232,Deep/Acoustic
malaysian pop,7893,578,Atmospheric/Calm
countrygaze,13763,466,Atmospheric/Calm
indie garage rock,8911,441,Atmospheric/Calm
etherpop,10398,512,Atmospheric/Calm
ska,8515,832,Atmospheric/Calm
bebop,19354,913,Atmospheric/Calm
funk pop,3928,1162,Atmospheric/Calm
chilean rock,9468,741,Atmospheric/Calm
chinese viral pop,6879,813,Atmospheric/Calm
turkce drill,5009,1032,Atmospheric/Calm
australian electropop,3870,767,Atmospheric/Calm
musica de fondo,18878,127,Deep/Acoustic
philly indie,10097,352,Deep/Acoustic
hip house,1257,1058,Atmospheric/Calm
post-romantic era,22151,308,Deep/Acoustic
swedish gangsta rap,11516,1056,Atmospheric/Calm
dancefloor dnb,2002,609,Atmospheric/Calm
comic,14502,961,Atmospheric/Calm
scenecore,4162,456,Atmospheric/Calm
piano cover,19492,724,Atmospheric/Calm
rumba,12665,925,Atmospheric/Calm
electra,5202,885,Atmospheric/Calm
korean pop,12722,618,Atmospheric/Calm
reggae rock,5842,984,Atmospheric/Calm
dance-punk,3565,639,Atmospheric/Calm
chill pop,10714,781,Atmospheric/Calm
german alternative rap,10320,1051,Atmospheric/Calm
canadian indie,9999,477,Atmospheric/Calm
preschool children's music,8976,1144,Atmospheric/Calm
moombahton,2399,1009,Atmospheric/Calm
tagalog rap,8841,1056,Atmospheric/Calm
background music,18907,158,Deep/Acoustic
funk bh,11017,1273,Atmospheric/Calm
torch song,20222,756,Atmospheric/Calm
indie surf,7002,366,Deep/Acoustic
italian underground hip hop,12091,913,Atmospheric/Calm
pop romantico,14143,607,Atmospheric/Calm
dutch rock,10313,551,Atmospheric/Calm
rome indie,8787,607,Atmospheric/Calm
uk drill,7962,1157,Atmospheric/Calm
protopunk,12276,492,Atmospheric/Calm
shush,17621,21,Deep/Acoustic
smooth jazz,9768,931,Atmospheric/Calm
j-poprock,4413,420,Atmospheric/Calm
old school hip hop,3054,1245,Atmospheric/Calm
ectofolk,14192,624,Atmospheric/Calm
small room,13750,515,Atmospheric/Calm
turkish singer-songwriter,11504,697,Atmospheric/Calm
indonesian r&b,8173,837,Atmospheric/Calm
kentucky roots,12587,612,Atmospheric/Calm
turkish alternative rock,8149,490,Atmospheric/Calm
bedroom soul,9854,975,Atmospheric/Calm
cartoon,11665,1203,Atmospheric/Calm
modern salsa,12462,1013,Atmospheric/Calm
writing,16540,1372,Atmospheric/Calm
background jazz,14921,883,Atmospheric/Calm
lo-fi jazzhop,11603,1055,Atmospheric/Calm
musica infantil,13628,986,Atmospheric/Calm
romanian pop,2898,980,Atmospheric/Calm
gauze pop,6099,748,Atmospheric/Calm
chillwave,6296,599,Atmospheric/Calm
deep ccm,11551,304,Deep/Acoustic
norteno-sax,9369,915,Atmospheric/Calm
alternative pop rock,7186,462,Atmospheric/Calm
finnish pop,5729,670,Atmospheric/Calm
trova,16715,860,Atmospheric/Calm
desi trap,7117,1090,Atmospheric/Calm
dembow,4997,1245,Atmospheric/Calm
cumbia,11440,1141,Atmospheric/Calm
speedrun,5658,753,Atmospheric/Calm
world,13287,843,Atmospheric/Calm
norwegian indie,11157,530,Atmospheric/Calm
perreo,2659,1290,Atmospheric/Calm
reggaeton chileno,3624,1112,Atmospheric/Calm
aussietronica,3331,874,Atmospheric/Calm
classic schlager,10462,686,Atmospheric/Calm
melbourne bounce,1724,1004,Atmospheric/Calm
rock cristiano,6162,479,Atmospheric/Calm
finnish hip hop,5935,1021,Atmospheric/Calm
french indietronica,4657,810,Atmospheric/Calm
experimental pop,11609,535,Atmospheric/Calm
belgian hip hop,11328,1068,Atmospheric/Calm
classic opm,13441,559,Atmospheric/Calm
jazz funk,14649,909,Atmospheric/Calm
tecnobanda,11553,1114,Atmospheric/Calm
japanese soundtrack,14773,384,Deep/Acoustic
modern dream pop,6444,352,Deep/Acoustic
pinoy r&b,7767,941,Atmospheric/Calm
czech hip hop,6278,1045,Atmospheric/Calm
indie triste,15336,819,Atmospheric/Calm
south carolina hip hop,4224,1070,Atmospheric/Calm
trap mexicano,5693,1105,Atmospheric/Calm
albanian hip hop,6047,1110,Atmospheric/Calm
boom bap espanol,12874,1007,Atmospheric/Calm
chutney,14860,813,Atmospheric/Calm
laiko,12400,772,Atmospheric/Calm
sunshine pop,14563,655,Atmospheric/Calm
birmingham metal,9920,192,Deep/Acoustic
german soundtrack,15108,255,Deep/Acoustic
disco house,1121,1112,Atmospheric/Calm
fvnky rimex,1023,1198,Atmospheric/Calm
acid rock,13010,473,Atmospheric/Calm
instrumental worship,17475,659,Atmospheric/Calm
japanese alternative rock,6419,441,Atmospheric/Calm
scottish rock,7878,406,Atmospheric/Calm
corridos alternativos,13071,1082,Atmospheric/Calm
nashville sound,16394,774,Atmospheric/Calm
modern alternative pop,6916,783,Atmospheric/Calm
rap df,7129,1148,Atmospheric/Calm
velha guarda,16361,781,Atmospheric/Calm
rap politico,12413,1045,Atmospheric/Calm
post-hardcore,9660,281,Deep/Acoustic
cumbia 420,3916,1296,Atmospheric/Calm
british singer-songwriter,15009,596,Atmospheric/Calm
bossa nova cover,12834,1092,Atmospheric/Calm
social media pop,5645,815,Atmospheric/Calm
brazilian edm,1465,1221,Atmospheric/Calm
scorecore,12560,325,Deep/Acoustic
redneck,4483,925,Atmospheric/Calm
german baroque,20702,406,Atmospheric/Calm
detroit trap,5768,1051,Atmospheric/Calm
texas country,7448,512,Atmospheric/Calm
greek pop,7519,741,Atmospheric/Calm
british soundtrack,16598,266,Deep/Acoustic
swedish metal,7891,156,Deep/Acoustic
israeli pop,8828,621,Atmospheric/Calm
slowcore,14119,466,Atmospheric/Calm
gaming edm,3273,670,Atmospheric/Calm
houston rap,6993,1090,Atmospheric/Calm
german romanticism,22049,386,Deep/Acoustic
nu jazz,5453,967,Atmospheric/Calm
panamanian pop,8614,1081,Atmospheric/Calm
new jersey rap,9907,1047,Atmospheric/Calm
epicore,8595,319,Deep/Acoustic
r&b brasileiro,9730,971,Atmospheric/Calm
slowed and reverb,9344,901,Atmospheric/Calm
czech pop,10489,612,Atmospheric/Calm
death metal,10465,156,Deep/Acoustic
arkansas country,16014,937,Atmospheric/Calm
chicano rap,4571,1143,Atmospheric/Calm
high vibe,11894,731,Atmospheric/Calm
swedish trap,8263,1101,Atmospheric/Calm
political hip hop,11504,992,Atmospheric/Calm
j-rap,5655,1005,Atmospheric/Calm
uk funky,2586,1077,Atmospheric/Calm
albanian pop,5948,955,Atmospheric/Calm
mexican rock-and-roll,14749,790,Atmospheric/Calm
black americana,11618,763,Atmospheric/Calm
ghazal,15324,724,Atmospheric/Calm
modern southern rock,9144,460,Atmospheric/Calm
indian singer-songwriter,12687,692,Atmospheric/Calm
japanese emo,7817,296,Deep/Acoustic
indian indie,9206,683,Atmospheric/Calm
indonesian folk,13933,583,Atmospheric/Calm
deboxe,5815,1349,Atmospheric/Calm
french synthpop,5319,607,Atmospheric/Calm
russian dance,4383,957,Atmospheric/Calm
gothic metal,6210,209,Deep/Acoustic
lo-fi cover,14701,718,Atmospheric/Calm
post-disco,5326,1023,Atmospheric/Calm
greek hip hop,5985,1036,Atmospheric/Calm
rap genovese,7496,979,Atmospheric/Calm
trap chileno,6261,1070,Atmospheric/Calm
reggaeton mexicano,4033,1097,Atmospheric/Calm
cumbia chilena,7298,927,Atmospheric/Calm
italian indie pop,8017,705,Atmospheric/Calm
kentucky indie,11857,554,Atmospheric/Calm
nyc pop,8249,753,Atmospheric/Calm
uk alternative hip hop,12166,1051,Atmospheric/Calm
bronx drill,7559,1161,Atmospheric/Calm
italo dance,1393,1028,Atmospheric/Calm
salsa colombiana,9443,1125,Atmospheric/Calm
euphoric hardstyle,2747,477,Atmospheric/Calm
christian indie,11404,439,Atmospheric/Calm
canadian punk,7063,258,Deep/Acoustic
polish viral pop,4467,1041,Atmospheric/Calm
musica sonorense,13298,1082,Atmospheric/Calm
brill building pop,15759,521,Atmospheric/Calm
modern blues,12338,703,Atmospheric/Calm
rawstyle,2995,441,Atmospheric/Calm
afroswing,11090,1084,Atmospheric/Calm
oakland hip hop,7913,1073,Atmospheric/Calm
hard rock brasileiro,7581,477,Atmospheric/Calm
grupero romantico,8677,891,Atmospheric/Calm
phonk,2818,1066,Atmospheric/Calm
modern power pop,6977,335,Deep/Acoustic
rap calme,11680,1032,Atmospheric/Calm
rock urbano mexicano,10711,495,Atmospheric/Calm
british blues,12154,586,Atmospheric/Calm
hardcore punk,10687,287,Deep/Acoustic
anime lo-fi,12141,887,Atmospheric/Calm
hungarian pop,5906,858,Atmospheric/Calm
russian alt pop,6843,799,Atmospheric/Calm
rap belge,8540,1084,Atmospheric/Calm
chicago indie,11527,517,Atmospheric/Calm
lo-fi sleep,14333,832,Atmospheric/Calm
german cloud rap,6766,1036,Atmospheric/Calm
cumbia peruana,8613,951,Atmospheric/Calm
indie game soundtrack,11944,501,Atmospheric/Calm
spanish new wave,6195,618,Atmospheric/Calm
stomp and flutter,14835,549,Atmospheric/Calm
bossbeat,4367,781,Atmospheric/Calm
minimal techno,964,1261,Atmospheric/Calm
alternative country,13454,542,Atmospheric/Calm
gothic symphonic metal,5915,210,Deep/Acoustic
banda jalisciense,13237,1017,Atmospheric/Calm
minnesota hip hop,5756,1021,Atmospheric/Calm
latin talent show,9231,760,Atmospheric/Calm
frauenrap,7104,1148,Atmospheric/Calm
early modern classical,21889,370,Deep/Acoustic
asmr,15546,443,Atmospheric/Calm
acoustic cover,15939,830,Atmospheric/Calm
afrofuturismo brasileiro,6450,1034,Atmospheric/Calm
zolo,10035,627,Atmospheric/Calm
nu disco,1515,1084,Atmospheric/Calm
indonesian pop punk,5284,406,Atmospheric/Calm
afro r&b,8601,973,Atmospheric/Calm
hi-nrg,2425,899,Atmospheric/Calm
lo-fi chill,11304,917,Atmospheric/Calm
anadolu rock,13145,581,Atmospheric/Calm
duranguense,8953,992,Atmospheric/Calm
dubstep,4383,772,Atmospheric/Calm
trancecore,4062,249,Deep/Acoustic
dutch trance,2309,716,Atmospheric/Calm
christian hip hop,8051,980,Atmospheric/Calm
jazz rap,6717,1119,Atmospheric/Calm
persian pop,8865,804,Atmospheric/Calm
rock gospel brasileiro,8432,398,Deep/Acoustic
pop electronico,3507,815,Atmospheric/Calm
finnish dance pop,4413,866,Atmospheric/Calm
supergroup,10282,390,Deep/Acoustic
deep groove house,1453,1150,Atmospheric/Calm
classic hardstyle,2513,537,Atmospheric/Calm
modern hard rock,6038,281,Deep/Acoustic
ocean,17370,10,Deep/Acoustic
haryanvi pop,6589,1086,Atmospheric/Calm
belgian pop,6691,793,Atmospheric/Calm
contemporary post-bop,19170,883,Atmospheric/Calm
vietnamese melodic rap,7778,1017,Atmospheric/Calm
hip hop tuga,11477,1053,Atmospheric/Calm
gospel,14512,537,Atmospheric/Calm
shiver pop,6581,689,Atmospheric/Calm
jazz trumpet,19024,887,Atmospheric/Calm
american metalcore,5085,225,Deep/Acoustic
canadian electronic,2177,986,Atmospheric/Calm
water,17241,22,Deep/Acoustic
barnmusik,14896,1073,Atmospheric/Calm
northern soul,12909,746,Atmospheric/Calm
argentine telepop,6605,718,Atmospheric/Calm
deathcore,6567,209,Deep/Acoustic
pakistani pop,10374,748,Atmospheric/Calm
visual kei,4575,257,Deep/Acoustic
stoner metal,11173,234,Deep/Acoustic
ukrainian pop,5987,786,Atmospheric/Calm
doo-wop,15361,700,Atmospheric/Calm
colombian hip hop,8151,1099,Atmospheric/Calm
traprun,3857,746,Atmospheric/Calm
melodic dubstep,5410,418,Atmospheric/Calm
seattle hip hop,8310,961,Atmospheric/Calm
detroit rock,11005,384,Deep/Acoustic
hindi indie,8411,659,Atmospheric/Calm
ambient worship,14494,245,Deep/Acoustic
piseiro,5026,1212,Atmospheric/Calm
ska mexicano,8236,777,Atmospheric/Calm
big beat,2119,860,Atmospheric/Calm
canadian country,11646,609,Atmospheric/Calm
pinoy trap,6463,1030,Atmospheric/Calm
vapor soul,6556,772,Atmospheric/Calm
haryanvi hip hop,8127,990,Atmospheric/Calm
taiwan singer-songwriter,12104,571,Atmospheric/Calm
hardwave,4705,537,Atmospheric/Calm
australian indie folk,12634,627,Atmospheric/Calm
folklore argentino,16465,933,Atmospheric/Calm
partyschlager,1899,799,Atmospheric/Calm
rock alternativo brasileiro,7199,490,Atmospheric/Calm
diva house,1492,1073,Atmospheric/Calm
london rap,11403,1075,Atmospheric/Calm
argentine reggae,5338,1040,Atmospheric/Calm
future garage,3098,982,Atmospheric/Calm
milan indie,7173,674,Atmospheric/Calm
intelligent dance music,6136,772,Atmospheric/Calm
drumless hip hop,11167,824,Atmospheric/Calm
nwobhm,9697,232,Deep/Acoustic
charva,3419,1084,Atmospheric/Calm
cool jazz,19328,860,Atmospheric/Calm
canadian pop punk,4208,264,Deep/Acoustic
indonesian alternative rock,8726,394,Deep/Acoustic
indonesian folk pop,15784,624,Atmospheric/Calm
melodic death metal,6051,138,Deep/Acoustic
j-pop boy group,3039,639,Atmospheric/Calm
japanese electropop,3419,718,Atmospheric/Calm
australian surf rock,5431,364,Deep/Acoustic
j-acoustic,12252,639,Atmospheric/Calm
progressive bluegrass,15349,751,Atmospheric/Calm
corridos clasicos,13603,1056,Atmospheric/Calm
rif,6029,856,Atmospheric/Calm
turkce slow sarkilar,11292,677,Atmospheric/Calm
canadian contemporary country,5918,510,Atmospheric/Calm
chicago bop,5224,965,Atmospheric/Calm
middle earth,14577,291,Deep/Acoustic
swedish synthpop,2820,731,Atmospheric/Calm
hawaiian hip hop,9718,1088,Atmospheric/Calm
neoperreo,4617,1101,Atmospheric/Calm
boston rock,10662,398,Deep/Acoustic
classic mandopop,13306,512,Atmospheric/Calm
soul jazz,17809,843,Atmospheric/Calm
rave funk,6941,1337,Atmospheric/Calm
seattle indie,9688,469,Atmospheric/Calm
vocal house,1170,1101,Atmospheric/Calm
russelater,3608,937,Atmospheric/Calm
cubaton,4342,1084,Atmospheric/Calm
vapor twitch,5855,828,Atmospheric/Calm
mainland chinese pop,9574,588,Atmospheric/Calm
trap soul,7198,913,Atmospheric/Calm
electronica argentina,5933,744,Atmospheric/Calm
tropicalia,14390,856,Atmospheric/Calm
manguebeat,9180,870,Atmospheric/Calm
rock uruguayo,10423,703,Atmospheric/Calm
rap espanol,13311,1047,Atmospheric/Calm
korean city pop,7458,806,Atmospheric/Calm
jazz saxophone,18790,868,Atmospheric/Calm
moroccan pop,8186,837,Atmospheric/Calm
impressionism,22209,376,Deep/Acoustic
nu gaze,6419,212,Deep/Acoustic
chill drill,9593,1153,Atmospheric/Calm
urdu hip hop,7802,1135,Atmospheric/Calm
traditional blues,18815,1032,Atmospheric/Calm
dinner jazz,15839,1026,Atmospheric/Calm
funk 150 bpm,7167,1299,Atmospheric/Calm
jamaican dancehall,10648,1110,Atmospheric/Calm
brighton indie,8137,454,Atmospheric/Calm
spacegrunge,8812,234,Deep/Acoustic
musica bajacaliforniana,12574,1062,Atmospheric/Calm
suomi rock,8934,599,Atmospheric/Calm
comic metal,5951,435,Atmospheric/Calm
swedish idol pop,5377,689,Atmospheric/Calm
alte,9681,1017,Atmospheric/Calm
japanese r&b,6211,854,Atmospheric/Calm
swedish alternative rock,4296,350,Deep/Acoustic
psychedelic hip hop,8989,841,Atmospheric/Calm
japanese chillhop,11580,959,Atmospheric/Calm
roots worship,12117,425,Atmospheric/Calm
experimental r&b,10044,746,Atmospheric/Calm
uplifting trance,1622,561,Atmospheric/Calm
new age,15430,400,Atmospheric/Calm
p funk,8360,1009,Atmospheric/Calm
scam rap,7559,1077,Atmospheric/Calm
vallenato moderno,10395,1121,Atmospheric/Calm
german indie,8087,703,Atmospheric/Calm
new age piano,21449,705,Atmospheric/Calm
float house,1768,1148,Atmospheric/Calm
sky room,2192,718,Atmospheric/Calm
swedish indie pop,9036,510,Atmospheric/Calm
rock drums,9231,663,Atmospheric/Calm
sound,16832,52,Deep/Acoustic
levenslied,7027,700,Atmospheric/Calm
nueva cancion,17709,911,Atmospheric/Calm
russian rock,8726,683,Atmospheric/Calm
bhajan,14860,760,Atmospheric/Calm
experimental hip hop,10601,760,Atmospheric/Calm
bolero mexicano,18381,864,Atmospheric/Calm
vancouver indie,10374,473,Atmospheric/Calm
arabic hip hop,8978,1026,Atmospheric/Calm
new jersey indie,10831,408,Atmospheric/Calm
nashville hip hop,6475,1036,Atmospheric/Calm
ska punk,8075,576,Atmospheric/Calm
rap cristiano,7459,1079,Atmospheric/Calm
english indie rock,5569,380,Deep/Acoustic
naija worship,11919,519,Atmospheric/Calm
uk americana,13416,524,Atmospheric/Calm
neo-singer-songwriter,13601,591,Atmospheric/Calm
modern j-rock,5063,386,Deep/Acoustic
south african pop,5039,885,Atmospheric/Calm
lo-fi product,12797,1084,Atmospheric/Calm
rap maroc,11290,1058,Atmospheric/Calm
ambient folk,16394,433,Atmospheric/Calm
bass trap,3557,897,Atmospheric/Calm
classic kollywood,17651,799,Atmospheric/Calm
jazz piano,19737,973,Atmospheric/Calm
rebel blues,4951,559,Atmospheric/Calm
toronto indie,9798,443,Atmospheric/Calm
progressive trance,1870,549,Atmospheric/Calm
tierra caliente,13084,1004,Atmospheric/Calm
muziek voor kinderen,12587,1043,Atmospheric/Calm
dark pop,10202,533,Atmospheric/Calm
odia pop,11479,758,Atmospheric/Calm
trap colombiano,6298,1106,Atmospheric/Calm
indie quebecois,11381,593,Atmospheric/Calm
ambient,15167,234,Deep/Acoustic
funk viral,6929,1296,Atmospheric/Calm
medieval rock,5582,435,Atmospheric/Calm
teen pop,6458,826,Atmospheric/Calm
folk brasileiro,12054,721,Atmospheric/Calm
lo-fi,12167,445,Atmospheric/Calm
manele,4559,1137,Atmospheric/Calm
instrumental rock,11343,404,Atmospheric/Calm
trap baiano,9593,1045,Atmospheric/Calm
british folk,16565,777,Atmospheric/Calm
rap baiano,10784,1079,Atmospheric/Calm
amapiano,1072,1355,Atmospheric/Calm
funk mandelao,6664,1237,Atmospheric/Calm
celtic,16102,501,Atmospheric/Calm
tekk,2396,925,Atmospheric/Calm
turkish alternative,9081,549,Atmospheric/Calm
german hard rock,6879,270,Deep/Acoustic
canadian latin,4305,990,Atmospheric/Calm
bases de freestyle,8964,1203,Atmospheric/Calm
minneapolis sound,3510,1028,Atmospheric/Calm
bubblegum dance,1505,919,Atmospheric/Calm
funk das antigas,3741,1162,Atmospheric/Calm
jazz cover,13700,858,Atmospheric/Calm
british indie rock,6407,400,Atmospheric/Calm
alabama rap,5466,1095,Atmospheric/Calm
baltimore indie,10146,454,Atmospheric/Calm
women's music,14478,802,Atmospheric/Calm
old school rap francais,10308,1068,Atmospheric/Calm
antiviral pop,6433,824,Atmospheric/Calm
shamanic,15033,630,Atmospheric/Calm
basshall,4248,1121,Atmospheric/Calm
czech rock,9856,573,Atmospheric/Calm
a cappella,13675,609,Atmospheric/Calm
deep tropical house,2752,967,Atmospheric/Calm
nasheed,15809,686,Atmospheric/Calm
japanese soul,7731,806,Atmospheric/Calm
german trap,5273,1019,Atmospheric/Calm
rkt,3010,1352,Atmospheric/Calm
brazilian ccm,12783,517,Atmospheric/Calm
zhongguo feng,8100,599,Atmospheric/Calm
crank wave,7423,466,Atmospheric/Calm
st louis rap,4099,1103,Atmospheric/Calm
canzone d'autore,15299,633,Atmospheric/Calm
trap catala,9002,1081,Atmospheric/Calm
athens indie,10257,416,Atmospheric/Calm
australian house,1220,1191,Atmospheric/Calm
australian reggae fusion,9039,832,Atmospheric/Calm
philly soul,11267,765,Atmospheric/Calm
classic girl group,14095,703,Atmospheric/Calm
boom bap,11516,858,Atmospheric/Calm
r&b argentino,9394,923,Atmospheric/Calm
bow pop,14043,378,Deep/Acoustic
texas latin rap,4658,1070,Atmospheric/Calm
synthwave,2450,573,Atmospheric/Calm
chill phonk,3010,770,Atmospheric/Calm
rap catala,10221,1073,Atmospheric/Calm
pinoy rock,8371,561,Atmospheric/Calm
thai indie pop,6839,655,Atmospheric/Calm
austropop,11329,832,Atmospheric/Calm
azonto,5706,1128,Atmospheric/Calm
karadeniz turkuleri,12712,718,Atmospheric/Calm
russian drain,9782,537,Atmospheric/Calm
indie viet,15021,933,Atmospheric/Calm
nu-metalcore,3937,296,Deep/Acoustic
swedish singer-songwriter,14365,563,Atmospheric/Calm
hopebeat,4793,515,Atmospheric/Calm
gymcore,3594,244,Deep/Acoustic
focus,18556,398,Deep/Acoustic
wonky,6977,790,Atmospheric/Calm
swedish eurodance,2540,891,Atmospheric/Calm
russian gangster rap,8639,1017,Atmospheric/Calm
taiwan indie,9024,519,Atmospheric/Calm
synth funk,5063,1009,Atmospheric/Calm
rap mineiro,11252,1079,Atmospheric/Calm
rap algerien,10370,1082,Atmospheric/Calm
ye ye,16686,711,Atmospheric/Calm
singaporean pop,10501,713,Atmospheric/Calm
pinoy reggae,9051,845,Atmospheric/Calm
art punk,10239,542,Atmospheric/Calm
batidao romantico,5706,1196,Atmospheric/Calm
indiecoustica,12820,551,Atmospheric/Calm
hypnagogic pop,10969,449,Atmospheric/Calm
djent,5602,232,Deep/Acoustic
variete francaise,8274,736,Atmospheric/Calm
classify,17797,837,Atmospheric/Calm
indonesian worship,12388,495,Atmospheric/Calm
greek drill,7608,1092,Atmospheric/Calm
g-house,2740,1060,Atmospheric/Calm
turkish trap pop,6627,963,Atmospheric/Calm
lebanese pop,10738,721,Atmospheric/Calm
tamaulipas rap,5985,1186,Atmospheric/Calm
polish alternative,8853,694,Atmospheric/Calm
swedish drill,8248,1106,Atmospheric/Calm
harlem renaissance,20310,975,Atmospheric/Calm
uk doom metal,11563,172,Deep/Acoustic
hard bop,18773,854,Atmospheric/Calm
jazztronica,5705,895,Atmospheric/Calm
portuguese pop,8977,870,Atmospheric/Calm
classic soundtrack,18902,300,Deep/Acoustic
italian baroque,20251,400,Atmospheric/Calm
westcoast flow,8433,1134,Atmospheric/Calm
rap chileno,11815,1090,Atmospheric/Calm
rap geek,7719,826,Atmospheric/Calm
russian romanticism,21938,337,Deep/Acoustic
j-pop girl group,2396,471,Atmospheric/Calm
new school turkce rap,10383,979,Atmospheric/Calm
sleaze rock,6075,275,Deep/Acoustic
brazilian jazz,17370,851,Atmospheric/Calm
electronic rock,2425,618,Atmospheric/Calm
chill abstract hip hop,11630,839,Atmospheric/Calm
jazz guitar,18644,1009,Atmospheric/Calm
rhythm game,4646,559,Atmospheric/Calm
proto-metal,11844,410,Atmospheric/Calm
prog metal,7432,268,Deep/Acoustic
bassline,2031,1177,Atmospheric/Calm
retro soul,9534,828,Atmospheric/Calm
jazz fusion,16752,746,Atmospheric/Calm
latin afrobeat,6641,979,Atmospheric/Calm
classic colombian pop,13794,1126,Atmospheric/Calm
iskelma,9611,674,Atmospheric/Calm
proto-hyperpop,5460,834,Atmospheric/Calm
japanese classical,18615,384,Deep/Acoustic
electro swing,2937,1123,Atmospheric/Calm
rock nacional,15196,718,Atmospheric/Calm
rap cearense,9164,1056,Atmospheric/Calm
rock gaucho,8662,561,Atmospheric/Calm
pop folk,14611,540,Atmospheric/Calm
spanish punk,6852,416,Atmospheric/Calm
australian children's music,13467,1064,Atmospheric/Calm
rock kapak,7630,566,Atmospheric/Calm
cyberpunk,3828,447,Atmospheric/Calm
eau claire indie,13837,456,Atmospheric/Calm
scottish singer-songwriter,13825,636,Atmospheric/Calm
lo-fi vgm,7557,937,Atmospheric/Calm
chicha,11179,961,Atmospheric/Calm
french soundtrack,17534,350,Deep/Acoustic
deep german hip hop,9139,980,Atmospheric/Calm
classic city pop,7956,734,Atmospheric/Calm
salsa venezolana,12772,1097,Atmospheric/Calm
hardcore techno,1839,703,Atmospheric/Calm
classic russian pop,8651,821,Atmospheric/Calm
ottawa rap,7092,1068,Atmospheric/Calm
turkish deep house,2162,1032,Atmospheric/Calm
stomp pop,7618,447,Atmospheric/Calm
nintendocore,6493,323,Deep/Acoustic
boom bap brasileiro,10686,1082,Atmospheric/Calm
italo disco,2054,977,Atmospheric/Calm
ghanaian pop,8527,1114,Atmospheric/Calm
rap sardegna,7741,1094,Atmospheric/Calm
lata,19199,612,Atmospheric/Calm
latin jazz,17291,965,Atmospheric/Calm
swedish power metal,4968,205,Deep/Acoustic
anime rap,5923,1013,Atmospheric/Calm
hk-pop,10313,689,Atmospheric/Calm
classic arab pop,14921,596,Atmospheric/Calm
rap underground espanol,12549,1023,Atmospheric/Calm
italian alternative,9490,583,Atmospheric/Calm
glitch hop,3974,893,Atmospheric/Calm
forro de favela,8690,941,Atmospheric/Calm
black metal,10538,85,Deep/Acoustic
filthstep,3185,736,Atmospheric/Calm
spanish metal,5940,283,Deep/Acoustic
boston hip hop,8502,980,Atmospheric/Calm
romanian trap,5544,1073,Atmospheric/Calm
cumbia santafesina,10623,897,Atmospheric/Calm
german r&b,6854,1002,Atmospheric/Calm
thai rock,5652,591,Atmospheric/Calm
anthem emo,4713,279,Deep/Acoustic
merengue,12747,1060,Atmospheric/Calm
rock brasiliense,8075,416,Atmospheric/Calm
banda sinaloense,13351,909,Atmospheric/Calm
french reggae,8878,1041,Atmospheric/Calm
trap carioca,6754,1117,Atmospheric/Calm
hands up,1447,834,Atmospheric/Calm
german underground rap,8565,1123,Atmospheric/Calm
atlanta indie,9737,414,Atmospheric/Calm
bitpop,3302,633,Atmospheric/Calm
newcastle nsw indie,9119,404,Atmospheric/Calm
christian pop,6704,551,Atmospheric/Calm
bandung indie,7261,416,Atmospheric/Calm
chill breakcore,4688,537,Atmospheric/Calm
classic uk pop,11906,716,Atmospheric/Calm
flamenco,17943,903,Atmospheric/Calm
musica tlaxcalteca,8261,945,Atmospheric/Calm
indie electropop,7470,724,Atmospheric/Calm
deep disco house,621,1340,Atmospheric/Calm
livetronica,3653,851,Atmospheric/Calm
chicago punk,7621,319,Deep/Acoustic
aussie drill,6866,1209,Atmospheric/Calm
mahraganat,4199,1114,Atmospheric/Calm
pet calming,19270,431,Atmospheric/Calm
classic russian rock,10664,703,Atmospheric/Calm
pop violin,14115,306,Deep/Acoustic
nederpop,12338,615,Atmospheric/Calm
indie punk,9315,281,Deep/Acoustic
reggaeton cristiano,5793,1023,Atmospheric/Calm
breakbeat,1688,957,Atmospheric/Calm
lo-fi rap,11053,988,Atmospheric/Calm
palm desert scene,11031,358,Deep/Acoustic
german punk,8161,400,Atmospheric/Calm
afghan pop,12476,808,Atmospheric/Calm
folk punk,12909,581,Atmospheric/Calm
argentine alternative rock,6628,506,Atmospheric/Calm
finnish metal,5063,179,Deep/Acoustic
boston folk,14601,607,Atmospheric/Calm
nordic soundtrack,15576,266,Deep/Acoustic
cumbia del sureste,6879,1119,Atmospheric/Calm
australian alternative rock,10133,410,Atmospheric/Calm
desi emo rap,11840,1053,Atmospheric/Calm
violao,18026,899,Atmospheric/Calm
grave wave,5085,479,Atmospheric/Calm
abstract hip hop,7839,909,Atmospheric/Calm
israeli mediterranean,8325,646,Atmospheric/Calm
german pop rock,5244,524,Atmospheric/Calm
lovers rock,6400,1178,Atmospheric/Calm
barnsagor,16949,1299,Atmospheric/Calm
fantasy metal,5688,176,Deep/Acoustic
melodic thrash,7498,231,Deep/Acoustic
mississippi hip hop,5568,1084,Atmospheric/Calm
german singer-songwriter,11092,772,Atmospheric/Calm
lo-fi emo,11612,392,Deep/Acoustic
cumbia ranchera,5668,955,Atmospheric/Calm
future house,2327,889,Atmospheric/Calm
anthem worship,8272,294,Deep/Acoustic
australian metalcore,4700,192,Deep/Acoustic
thai indie rock,6815,583,Atmospheric/Calm
dembow dominicano,7679,1268,Atmospheric/Calm
icelandic indie,12961,526,Atmospheric/Calm
dark synthpop,2162,556,Atmospheric/Calm
upstate ny rap,10495,984,Atmospheric/Calm
acoustic opm,14327,659,Atmospheric/Calm
australian country,10093,713,Atmospheric/Calm
venezuelan rock,8964,804,Atmospheric/Calm
scream rap,5026,826,Atmospheric/Calm
morelos indie,6741,492,Atmospheric/Calm
bboy,3244,1094,Atmospheric/Calm
noise rock,11002,285,Deep/Acoustic
narco rap,6350,1210,Atmospheric/Calm
sholawat,10701,683,Atmospheric/Calm
manchester hip hop,11427,1077,Atmospheric/Calm
future bass,6446,760,Atmospheric/Calm
organic electronic,1812,1244,Atmospheric/Calm
pop nacional antigas,12860,674,Atmospheric/Calm
instrumental funk,13212,965,Atmospheric/Calm
k-indie,11094,705,Atmospheric/Calm
cumbia sonorense,12685,1071,Atmospheric/Calm
carnaval,3127,828,Atmospheric/Calm
digital hardcore,3741,416,Atmospheric/Calm
dutch indie,11031,547,Atmospheric/Calm
garage rock revival,8493,358,Deep/Acoustic
indie liguria,4851,810,Atmospheric/Calm
ghanaian hip hop,8201,1123,Atmospheric/Calm
trap venezolano,8727,1123,Atmospheric/Calm
traphall,11590,1105,Atmospheric/Calm
belgian dance,1342,990,Atmospheric/Calm
swedish melodeath,5839,158,Deep/Acoustic
kirtan,14068,495,Atmospheric/Calm
qawwali,14589,779,Atmospheric/Calm
cancion infantil latinoamericana,13807,1030,Atmospheric/Calm
polish classical,22238,422,Atmospheric/Calm
reggae en espanol,5285,1119,Atmospheric/Calm
detroit trap brasileiro,6324,1103,Atmospheric/Calm
psychedelic soul,11206,819,Atmospheric/Calm
kizomba,3497,1015,Atmospheric/Calm
nerdcore brasileiro,7448,615,Atmospheric/Calm
canzone napoletana,17546,526,Atmospheric/Calm
neue neue deutsche welle,4571,786,Atmospheric/Calm
chinese r&b,8928,756,Atmospheric/Calm
thai hip hop,7153,1051,Atmospheric/Calm
uptempo hardcore,2730,537,Atmospheric/Calm
indian folk,9793,753,Atmospheric/Calm
modern reggae,9262,1099,Atmospheric/Calm
happy hardcore,1605,746,Atmospheric/Calm
musica tradicional cubana,16745,1023,Atmospheric/Calm
solo wave,10300,503,Atmospheric/Calm
canadian soundtrack,16160,209,Deep/Acoustic
classic sierreno,13615,1060,Atmospheric/Calm
egyptian trap,10660,998,Atmospheric/Calm
classic praise,12947,497,Atmospheric/Calm
asian american hip hop,6224,1036,Atmospheric/Calm
swedish pop rap,10870,1000,Atmospheric/Calm
turkish psych,14241,659,Atmospheric/Calm
veracruz indie,10350,726,Atmospheric/Calm
icelandic rock,10300,588,Atmospheric/Calm
finnish power metal,4537,210,Deep/Acoustic
indonesian reggae,11465,366,Deep/Acoustic
bubble trance,1184,971,Atmospheric/Calm
acoustic guitar cover,15272,1004,Atmospheric/Calm
pop virale italiano,8515,909,Atmospheric/Calm
rai,7864,824,Atmospheric/Calm
danish rock,5887,352,Deep/Acoustic
liquid funk,1534,1025,Atmospheric/Calm
turkish jazz,15208,650,Atmospheric/Calm
tontipop,5582,551,Atmospheric/Calm
dansband,7436,601,Atmospheric/Calm
pianissimo,19725,751,Atmospheric/Calm
kayokyoku,12240,588,Atmospheric/Calm
singaporean mandopop,12301,588,Atmospheric/Calm
bronx hip hop,6273,1162,Atmospheric/Calm
jazz trio,19328,951,Atmospheric/Calm
japanese punk rock,6567,291,Deep/Acoustic
dark clubbing,2221,751,Atmospheric/Calm
electro-pop francais,5588,877,Atmospheric/Calm
egyptian hip hop,11852,1009,Atmospheric/Calm
french shoegaze,8309,185,Deep/Acoustic
drill italiana,8902,1017,Atmospheric/Calm
aggressive phonk,2625,883,Atmospheric/Calm
uk dnb,1663,1055,Atmospheric/Calm
progressive metalcore,4124,190,Deep/Acoustic
french romanticism,21877,296,Deep/Acoustic
neo r&b,8753,929,Atmospheric/Calm
german house,1170,1245,Atmospheric/Calm
electropowerpop,3068,559,Atmospheric/Calm
japanese alternative pop,8005,646,Atmospheric/Calm
vegas indie,7014,452,Atmospheric/Calm
austindie,9500,495,Atmospheric/Calm
uk reggae,4124,1166,Atmospheric/Calm
healing,16891,151,Deep/Acoustic
musica triste brasileira,11391,889,Atmospheric/Calm
samba-enredo,12773,860,Atmospheric/Calm
afro soul,4880,1011,Atmospheric/Calm
jovem guarda,12486,667,Atmospheric/Calm
gujarati garba,14527,731,Atmospheric/Calm
nightcore,5212,788,Atmospheric/Calm
saskatchewan indie,11906,510,Atmospheric/Calm
swedish death metal,8527,143,Deep/Acoustic
hamburg electronic,1257,1152,Atmospheric/Calm
canadian americana,14478,609,Atmospheric/Calm
umbanda,15386,967,Atmospheric/Calm
souldies,12974,683,Atmospheric/Calm
anti-folk,13838,770,Atmospheric/Calm
riot grrrl,9476,416,Atmospheric/Calm
monterrey indie,5494,556,Atmospheric/Calm
mexican classic rock,12807,615,Atmospheric/Calm
new orleans jazz,19433,1002,Atmospheric/Calm
organic house,697,1332,Atmospheric/Calm
dixieland,19521,1028,Atmospheric/Calm
cosmic american,14749,667,Atmospheric/Calm
rap feminino nacional,10122,1073,Atmospheric/Calm
british alternative rock,6358,313,Deep/Acoustic
indonesian idol pop,2818,561,Atmospheric/Calm
jawaiian,5960,1068,Atmospheric/Calm
mariachi cristiano,12153,763,Atmospheric/Calm
classic cantopop,11442,624,Atmospheric/Calm
romantico,15132,971,Atmospheric/Calm
german power metal,5289,199,Deep/Acoustic
classic disco polo,1946,1009,Atmospheric/Calm
musique pour enfants,17400,194,Deep/Acoustic
swedish tropical house,2528,862,Atmospheric/Calm
discofox,1914,826,Atmospheric/Calm
chilena,12351,1079,Atmospheric/Calm
j-metal,5664,234,Deep/Acoustic
welsh rock,7174,380,Deep/Acoustic
bulgarian pop,4633,899,Atmospheric/Calm
virginia hip hop,8828,1088,Atmospheric/Calm
brega paraense,4805,986,Atmospheric/Calm
thai trap,6060,1077,Atmospheric/Calm
grungegaze,6530,143,Deep/Acoustic
chicago hardcore,9008,262,Deep/Acoustic
sludge metal,11453,163,Deep/Acoustic
pacific islands pop,5643,982,Atmospheric/Calm
south african rock,5829,420,Atmospheric/Calm
swedish indie rock,8800,372,Deep/Acoustic
russian post-punk,7411,542,Atmospheric/Calm
smooth saxophone,10220,790,Atmospheric/Calm
ukrainian rock,6302,703,Atmospheric/Calm
chicago soul,15134,741,Atmospheric/Calm
samba moderno,12909,881,Atmospheric/Calm
freestyle,2302,992,Atmospheric/Calm
american shoegaze,8394,147,Deep/Acoustic
latin metal,9081,298,Deep/Acoustic
german reggae,7372,1094,Atmospheric/Calm
danish metal,6444,181,Deep/Acoustic
rock mineiro,5665,556,Atmospheric/Calm
sound team,6297,362,Deep/Acoustic
canadian electropop,4179,751,Atmospheric/Calm
drone,16745,194,Deep/Acoustic
regional mexicano femenil,13553,915,Atmospheric/Calm
indian edm,2499,933,Atmospheric/Calm
j-idol,2525,466,Atmospheric/Calm
okinawan pop,5845,576,Atmospheric/Calm
sandalwood,10020,923,Atmospheric/Calm
scottish new wave,7372,521,Atmospheric/Calm
indie jazz,9468,868,Atmospheric/Calm
afrikaans,8763,663,Atmospheric/Calm
nz reggae,4520,1055,Atmospheric/Calm
israeli rock,12141,596,Atmospheric/Calm
oklahoma country,9157,473,Atmospheric/Calm
viking metal,6345,160,Deep/Acoustic
christian trap,8409,1005,Atmospheric/Calm
brega,8928,845,Atmospheric/Calm
buffalo hip hop,10008,955,Atmospheric/Calm
kazakh pop,5076,907,Atmospheric/Calm
chill lounge,4682,899,Atmospheric/Calm
belly dance,8013,943,Atmospheric/Calm
minimal tech house,726,1365,Atmospheric/Calm
icelandic pop,10031,683,Atmospheric/Calm
classic indo pop,10338,563,Atmospheric/Calm
oakland indie,9859,471,Atmospheric/Calm
surf punk,8210,306,Deep/Acoustic
australian trap,8236,1047,Atmospheric/Calm
brutal death metal,10379,152,Deep/Acoustic
christian metal,6840,287,Deep/Acoustic
japanese vtuber,3536,599,Atmospheric/Calm
south african hip hop,9644,1041,Atmospheric/Calm
rhode island rap,10395,996,Atmospheric/Calm
austrian pop,5974,765,Atmospheric/Calm
shaabi,8049,845,Atmospheric/Calm
celtic metal,7445,203,Deep/Acoustic
salsa peruana,12450,1038,Atmospheric/Calm
tecnobrega,6223,881,Atmospheric/Calm
indian lo-fi,10918,731,Atmospheric/Calm
transpop,8187,713,Atmospheric/Calm
chillstep,6653,506,Atmospheric/Calm
japanese trap,4559,973,Atmospheric/Calm
egyptian alternative,9969,705,Atmospheric/Calm
jersey club,2581,1171,Atmospheric/Calm
experimental,14587,519,Atmospheric/Calm
channel pop,14120,748,Atmospheric/Calm
czech drill,6779,1094,Atmospheric/Calm
texas metal,10153,249,Deep/Acoustic
polish rock,8311,554,Atmospheric/Calm
norwegian pop rap,7166,1009,Atmospheric/Calm
indonesian lo-fi pop,14266,736,Atmospheric/Calm
samba de roda,15963,860,Atmospheric/Calm
sda a cappella,15784,441,Atmospheric/Calm
harlem hip hop,9932,1047,Atmospheric/Calm
danish pop rock,7582,758,Atmospheric/Calm
canadian ccm,7124,408,Atmospheric/Calm
russian emo rap,4863,856,Atmospheric/Calm
pinoy city pop,9257,788,Atmospheric/Calm
slayer,4725,232,Deep/Acoustic
memphis phonk,3557,1005,Atmospheric/Calm
danspunk,7968,765,Atmospheric/Calm
polish alternative rap,10808,1007,Atmospheric/Calm
uk pop punk,3949,270,Deep/Acoustic
indie rock mexicano,5455,392,Deep/Acoustic
bhangra,5544,1009,Atmospheric/Calm
russian punk,6866,540,Atmospheric/Calm
chill dream pop,5480,380,Deep/Acoustic
quran,21128,674,Atmospheric/Calm
classic turkish pop,15324,581,Atmospheric/Calm
dark techno,307,1223,Hyper/Electronic
gothenburg indie,10674,486,Atmospheric/Calm
musica gaucha tradicionalista,13429,1009,Atmospheric/Calm
boston indie,10907,435,Atmospheric/Calm
quebec indie,9426,473,Atmospheric/Calm
uk house,1490,1196,Atmospheric/Calm
psychedelic trance,789,1064,Atmospheric/Calm
neoclassical darkwave,16219,341,Deep/Acoustic
oc rap,8176,1038,Atmospheric/Calm
rave,1617,813,Atmospheric/Calm
vapor pop,6605,639,Atmospheric/Calm
cdo indie,7805,828,Atmospheric/Calm
classic venezuelan pop,14070,943,Atmospheric/Calm
kazakh hip hop,6133,1075,Atmospheric/Calm
guadalajara indie,6543,756,Atmospheric/Calm
german alternative rock,4922,429,Atmospheric/Calm
karadeniz pop,10171,793,Atmospheric/Calm
post-rock,11835,234,Deep/Acoustic
children's folk,13844,1032,Atmospheric/Calm
polish drill,7546,1077,Atmospheric/Calm
vaporwave,7461,571,Atmospheric/Calm
hungarian hip hop,10358,1086,Atmospheric/Calm
alternative americana,13527,566,Atmospheric/Calm
hyphy,7471,1084,Atmospheric/Calm
easycore,3653,258,Deep/Acoustic
new beat,2194,883,Atmospheric/Calm
indonesian hip hop,5531,1028,Atmospheric/Calm
instrumental grime,3485,1066,Atmospheric/Calm
punk urbano,5386,396,Deep/Acoustic
reggae uruguayo,4354,726,Atmospheric/Calm
khaliji,10613,739,Atmospheric/Calm
opera metal,7571,198,Deep/Acoustic
scottish indie,8469,392,Deep/Acoustic
ann arbor indie,11734,551,Atmospheric/Calm
study beats,10494,1114,Atmospheric/Calm
vintage italian soundtrack,17037,394,Deep/Acoustic
folk rock italiano,14254,716,Atmospheric/Calm
mexican pop punk,5492,342,Deep/Acoustic
midwest emo,9871,333,Deep/Acoustic
cumbia paraguaya,5506,1088,Atmospheric/Calm
italian romanticism,22180,341,Deep/Acoustic
russian drill,4740,1075,Atmospheric/Calm
swedish hard rock,6394,234,Deep/Acoustic
romanian house,2067,1023,Atmospheric/Calm
viral trap,5052,1108,Atmospheric/Calm
liverpool indie,8395,449,Atmospheric/Calm
pinoy drill,5998,1082,Atmospheric/Calm
bandinhas,5437,923,Atmospheric/Calm
experimental rock,12599,449,Atmospheric/Calm
northern irish indie,6309,425,Atmospheric/Calm
bluegrass,15287,834,Atmospheric/Calm
jazz boom bap,4454,1130,Atmospheric/Calm
early us punk,10699,394,Deep/Acoustic
dub,6300,1258,Atmospheric/Calm
spectra,14933,354,Deep/Acoustic
nashville singer-songwriter,13576,519,Atmospheric/Calm
drill chileno,6577,1094,Atmospheric/Calm
classic danish pop,11555,774,Atmospheric/Calm
ambient guitar,16014,172,Deep/Acoustic
piano blues,18247,913,Atmospheric/Calm
indian classical,18673,694,Atmospheric/Calm
horror punk,8407,298,Deep/Acoustic
pinoy alternative rap,6387,1119,Atmospheric/Calm
yugoslav rock,9377,599,Atmospheric/Calm
turkish instrumental,14700,554,Atmospheric/Calm
folk metal,6002,194,Deep/Acoustic
melodic metal,4562,187,Deep/Acoustic
classic french pop,10979,741,Atmospheric/Calm
russian electronic,3669,925,Atmospheric/Calm
new jersey hardcore,10868,304,Deep/Acoustic
rune folk,11392,315,Deep/Acoustic
french techno,760,1203,Atmospheric/Calm
technical death metal,10403,154,Deep/Acoustic
magyar trap,6400,1043,Atmospheric/Calm
indonesian viral pop,1753,1226,Atmospheric/Calm
rap underground argentino,12425,1073,Atmospheric/Calm
norwegian hip hop,7692,1023,Atmospheric/Calm
dancehall queen,9139,1139,Atmospheric/Calm
gospel r&b,10056,694,Atmospheric/Calm
polish viral rap,6010,1108,Atmospheric/Calm
south african house,1416,1242,Atmospheric/Calm
icelandic classical,20088,346,Deep/Acoustic
viral afropop,12710,1036,Atmospheric/Calm
wave,4354,554,Atmospheric/Calm
german metalcore,4549,190,Deep/Acoustic
pop minang,5398,537,Atmospheric/Calm
progressive groove metal,7792,242,Deep/Acoustic
deep turkish pop,5009,862,Atmospheric/Calm
pink noise,3373,760,Atmospheric/Calm
contemporary jazz,17315,642,Atmospheric/Calm
classic house,772,1223,Atmospheric/Calm
rhythm and blues,16335,854,Atmospheric/Calm
classic israeli pop,13789,686,Atmospheric/Calm
glee club,9417,578,Atmospheric/Calm
american folk revival,19487,868,Atmospheric/Calm
kosovan pop,6278,945,Atmospheric/Calm
rva drill,7055,1105,Atmospheric/Calm
atmosphere,19345,52,Deep/Acoustic
peruvian rock,8546,588,Atmospheric/Calm
zhenskiy rep,4317,1009,Atmospheric/Calm
bc underground hip hop,8753,1038,Atmospheric/Calm
pinoy indie,9982,711,Atmospheric/Calm
uk dancehall,5667,1103,Atmospheric/Calm
kurdish pop,10019,763,Atmospheric/Calm
gaming dubstep,3899,779,Atmospheric/Calm
danish electronic,1863,1026,Atmospheric/Calm
spanish folk metal,7915,229,Deep/Acoustic
pinoy singer-songwriter,13688,646,Atmospheric/Calm
deep latin christian,12699,697,Atmospheric/Calm
north carolina roots,15098,721,Atmospheric/Calm
chill guitar,18995,1152,Atmospheric/Calm
folktronica,11491,646,Atmospheric/Calm
croatian pop,10386,581,Atmospheric/Calm
swedish soul,6818,854,Atmospheric/Calm
bergamo indie,7780,528,Atmospheric/Calm
lo-fi house,2703,1139,Atmospheric/Calm
puerto rican rock,8100,724,Atmospheric/Calm
idol rock,2849,346,Deep/Acoustic
idol,8469,547,Atmospheric/Calm
kolsche karneval,6779,763,Atmospheric/Calm
rocksteady,8495,1210,Atmospheric/Calm
acoustic blues,19316,1084,Atmospheric/Calm
latinx alternative,7470,849,Atmospheric/Calm
frenchcore,2922,568,Atmospheric/Calm
washington indie,12437,512,Atmospheric/Calm
soca,5519,1084,Atmospheric/Calm
auckland indie,8186,460,Atmospheric/Calm
oyun havasi,10672,959,Atmospheric/Calm
central asian hip hop,6501,1058,Atmospheric/Calm
antideutsche,6290,781,Atmospheric/Calm
christian metalcore,6223,194,Deep/Acoustic
chiptune,4939,591,Atmospheric/Calm
spanish modern rock,5309,366,Deep/Acoustic
post-minimalism,20293,418,Atmospheric/Calm
rap uliczny,8347,1079,Atmospheric/Calm
nederlandse hardstyle,2143,883,Atmospheric/Calm
gothenburg metal,6432,194,Deep/Acoustic
icelandic experimental,13959,325,Deep/Acoustic
kabarett,17300,1207,Atmospheric/Calm
latin classical,20953,748,Atmospheric/Calm
ghanaian alternative,10457,1066,Atmospheric/Calm
deep pop edm,2596,815,Atmospheric/Calm
jangle pop,10361,443,Atmospheric/Calm
calming instrumental,18364,471,Atmospheric/Calm
ethereal wave,10257,289,Deep/Acoustic
emo rap italiano,6941,808,Atmospheric/Calm
polish underground rap,6375,1051,Atmospheric/Calm
musica aragonesa,11734,703,Atmospheric/Calm
turkish edm,1934,1110,Atmospheric/Calm
balkan trap,4922,1038,Atmospheric/Calm
gothic rock,5639,356,Deep/Acoustic
classic peruvian pop,14202,1047,Atmospheric/Calm
italian opera,22122,333,Deep/Acoustic
gospel antigas,12129,563,Atmospheric/Calm
celtic punk,7743,346,Deep/Acoustic
irish folk,17278,756,Atmospheric/Calm
dream plugg,7656,847,Atmospheric/Calm
classical drill,21023,370,Deep/Acoustic
rock andaluz,10628,650,Atmospheric/Calm
focus beats,13148,1015,Atmospheric/Calm
j-indie,7063,530,Atmospheric/Calm
rap boricua,11390,1073,Atmospheric/Calm
indonesian city pop,11081,599,Atmospheric/Calm
afrobeat,13034,1038,Atmospheric/Calm
rap uruguayo,7926,1075,Atmospheric/Calm
pop teen brasileiro,6615,945,Atmospheric/Calm
dark plugg,7631,911,Atmospheric/Calm
idol kayo,7014,736,Atmospheric/Calm
kiwi rock,7371,437,Atmospheric/Calm
maga rap,6563,1088,Atmospheric/Calm
pop chileno,8915,790,Atmospheric/Calm
chinese indie,10907,530,Atmospheric/Calm
brain waves,17855,161,Deep/Acoustic
argentine heavy metal,8370,287,Deep/Acoustic
chinese singer-songwriter,10527,563,Atmospheric/Calm
arab electronic,2015,1126,Atmospheric/Calm
chihuahua indie,9819,703,Atmospheric/Calm
progressive post-hardcore,6481,279,Deep/Acoustic
microhouse,2302,1134,Atmospheric/Calm
portland indie,11575,477,Atmospheric/Calm
comedy rap,7228,1135,Atmospheric/Calm
samba-jazz,18819,856,Atmospheric/Calm
classic garage rock,12413,633,Atmospheric/Calm
game mood,6035,949,Atmospheric/Calm
portland hip hop,10746,1009,Atmospheric/Calm
ukrainian viral pop,7975,967,Atmospheric/Calm
belgian rock,8910,607,Atmospheric/Calm
russian grime,8804,1009,Atmospheric/Calm
chilean indie,8613,650,Atmospheric/Calm
french opera,21510,360,Deep/Acoustic
anime phonk,3001,903,Atmospheric/Calm
glitchbreak,4150,501,Atmospheric/Calm
west bengali pop,13614,677,Atmospheric/Calm
rock catala,11056,694,Atmospheric/Calm
neue deutsche welle,7002,841,Atmospheric/Calm
fourth world,16248,386,Deep/Acoustic
native american traditional,16577,479,Atmospheric/Calm
music box,15194,973,Atmospheric/Calm
bgm,17504,953,Atmospheric/Calm
samba paulista,12934,870,Atmospheric/Calm
viking folk,11355,425,Atmospheric/Calm
neomelodici,7731,686,Atmospheric/Calm
comedy,19638,1004,Atmospheric/Calm
chicago house,828,1266,Atmospheric/Calm
tropical alternativo,4997,973,Atmospheric/Calm
vietnamese trap,6362,1077,Atmospheric/Calm
musica angolana,7311,990,Atmospheric/Calm
samba-rock,11105,905,Atmospheric/Calm
brega romantico,7533,881,Atmospheric/Calm
korean instrumental,20492,858,Atmospheric/Calm
halloween,13274,321,Deep/Acoustic
trap pesado,5064,1164,Atmospheric/Calm
theme,14019,422,Atmospheric/Calm
persian hip hop,9516,980,Atmospheric/Calm
rap underground mexicano,7496,1106,Atmospheric/Calm
narodna muzika,11747,581,Atmospheric/Calm
swedish indie folk,14786,542,Atmospheric/Calm
trap dominicano,8446,1143,Atmospheric/Calm
contemporary classical,21803,329,Deep/Acoustic
southern americana,12770,549,Atmospheric/Calm
fotbollslatar,8766,788,Atmospheric/Calm
texas blues,18235,1015,Atmospheric/Calm
huzunlu sarkilar,11477,837,Atmospheric/Calm
malayalam pop,10824,808,Atmospheric/Calm
electrofox,2265,877,Atmospheric/Calm
partido alto,12973,911,Atmospheric/Calm
rap nacional antigo,7310,1134,Atmospheric/Calm
italian pop rock,6928,604,Atmospheric/Calm
murcia indie,6837,499,Atmospheric/Calm
german trance,1667,837,Atmospheric/Calm
reggae tuga,4939,1055,Atmospheric/Calm
concepcion indie,8861,404,Atmospheric/Calm
canadian folk,13812,663,Atmospheric/Calm
pop quebecois,9278,612,Atmospheric/Calm
uk melodic rap,11464,1058,Atmospheric/Calm
piano worship,18177,746,Atmospheric/Calm
new jersey punk,10196,296,Deep/Acoustic
instrumental post-rock,11161,225,Deep/Acoustic
nordic house,2278,864,Atmospheric/Calm
australian alternative pop,7507,692,Atmospheric/Calm
dutch metal,8431,188,Deep/Acoustic
volkspop,7496,915,Atmospheric/Calm
kavkaz,4160,905,Atmospheric/Calm
polish indie,7594,618,Atmospheric/Calm
no beat,4267,1384,Atmospheric/Calm
japanese new wave,5829,586,Atmospheric/Calm
cologne indie,6803,586,Atmospheric/Calm
new jersey underground rap,10635,1094,Atmospheric/Calm
reggae do maranhao,5653,1180,Atmospheric/Calm
french tech house,248,1386,Hyper/Electronic
minimal melodic techno,1540,1126,Atmospheric/Calm
japanese pop punk,5827,257,Deep/Acoustic
lagu timur,6977,921,Atmospheric/Calm
slc indie,7409,443,Atmospheric/Calm
mizrahi,8383,612,Atmospheric/Calm
musica costena,10833,1112,Atmospheric/Calm
entehno,15095,607,Atmospheric/Calm
lustrum,11653,1153,Atmospheric/Calm
balkan hip hop,9152,1071,Atmospheric/Calm
hip hop quebecois,10258,1032,Atmospheric/Calm
cowboy western,17241,860,Atmospheric/Calm
uk experimental electronic,8840,627,Atmospheric/Calm
malaysian mandopop,11569,588,Atmospheric/Calm
welsh metal,7310,240,Deep/Acoustic
reggae cristao,7643,815,Atmospheric/Calm
indonesian emo,6592,258,Deep/Acoustic
metallic hardcore,9562,262,Deep/Acoustic
belgian indie,8999,526,Atmospheric/Calm
rochester mn indie,11120,481,Atmospheric/Calm
liedermacher,14847,927,Atmospheric/Calm
victoria bc indie,10855,515,Atmospheric/Calm
japanese viral pop,4701,834,Atmospheric/Calm
bay area indie,11502,484,Atmospheric/Calm
trap peruano,8927,1114,Atmospheric/Calm
ska chileno,5472,872,Atmospheric/Calm
marathi pop,10873,872,Atmospheric/Calm
trap antillais,8127,1121,Atmospheric/Calm
laboratorio,18206,437,Atmospheric/Calm
chillsynth,3945,736,Atmospheric/Calm
minimalism,20923,354,Deep/Acoustic
chalga,3644,943,Atmospheric/Calm
dutch cabaret,16436,909,Atmospheric/Calm
brega funk,4518,1275,Atmospheric/Calm
chicago blues,17504,1004,Atmospheric/Calm
hungarian rock,5938,486,Atmospheric/Calm
trap tuga,11926,1071,Atmospheric/Calm
barnemusikk,13721,927,Atmospheric/Calm
birmingham grime,11228,1070,Atmospheric/Calm
parody,12055,945,Atmospheric/Calm
nuevo folklore mexicano,13850,799,Atmospheric/Calm
rap tunisien,10432,1055,Atmospheric/Calm
future rock,2482,390,Deep/Acoustic
jamaican hip hop,11566,1115,Atmospheric/Calm
mantra,14601,845,Atmospheric/Calm
classic iskelma,14132,711,Atmospheric/Calm
new weird america,15771,501,Atmospheric/Calm
colombian rock,6493,692,Atmospheric/Calm
brazilian punk,9908,350,Deep/Acoustic
big band,19608,935,Atmospheric/Calm
japanese old school hip hop,4330,1045,Atmospheric/Calm
kermis,12734,591,Atmospheric/Calm
dong-yo,11667,1051,Atmospheric/Calm
diy emo,8025,341,Deep/Acoustic
plug brasileiro,6121,1056,Atmospheric/Calm
uk garage,2374,1155,Atmospheric/Calm
italian soundtrack,17826,310,Deep/Acoustic
australian indigenous music,10588,670,Atmospheric/Calm
deathgrind,10746,136,Deep/Acoustic
neo classical metal,7608,225,Deep/Acoustic
taiwan hip hop,5440,1004,Atmospheric/Calm
neoclassicism,21852,372,Deep/Acoustic
ambeat,6404,957,Atmospheric/Calm
peruvian hip hop,10587,1125,Atmospheric/Calm
south african gospel,12376,510,Atmospheric/Calm
swedish country,9503,588,Atmospheric/Calm
symphonic deathcore,6015,143,Deep/Acoustic
lagu melayu,6258,490,Atmospheric/Calm
thai folk rock,7411,686,Atmospheric/Calm
shanty,16260,854,Atmospheric/Calm
scandinavian r&b,7115,905,Atmospheric/Calm
kwaito,4381,1071,Atmospheric/Calm
australian indie rock,6952,429,Atmospheric/Calm
east coast reggae,7950,1004,Atmospheric/Calm
emoplugg,5128,607,Atmospheric/Calm
finnish trap,4086,1075,Atmospheric/Calm
indonesian punk,5505,315,Deep/Acoustic
rock baiano,10701,753,Atmospheric/Calm
brisbane indie,7383,374,Deep/Acoustic
greek underground rap,10408,1005,Atmospheric/Calm
musica tamaulipeca,12660,971,Atmospheric/Calm
british children's music,12314,1064,Atmospheric/Calm
progressive deathcore,5676,190,Deep/Acoustic
arab alternative,10387,739,Atmospheric/Calm
melodic techno,714,1263,Atmospheric/Calm
pinoy pop punk,6753,341,Deep/Acoustic
swancore,5878,272,Deep/Acoustic
gregorian dance,6604,460,Atmospheric/Calm
assamese pop,12128,753,Atmospheric/Calm
future funk,2905,866,Atmospheric/Calm
electro jazz,4670,971,Atmospheric/Calm
grime brasileiro,10333,1068,Atmospheric/Calm
guaracha,1207,1316,Atmospheric/Calm
romanian rap,9619,1084,Atmospheric/Calm
czsk emo rap,6779,977,Atmospheric/Calm
wrestling,4705,624,Atmospheric/Calm
deep comedy,19533,1062,Atmospheric/Calm
uk contemporary jazz,11857,786,Atmospheric/Calm
latin viral rap,10420,1021,Atmospheric/Calm
strut,2849,982,Atmospheric/Calm
bergen indie,7768,554,Atmospheric/Calm
tagalog worship,14968,416,Atmospheric/Calm
country gospel,17329,893,Atmospheric/Calm
dark cabaret,12697,549,Atmospheric/Calm
folclore salteno,16172,975,Atmospheric/Calm
progressive psytrance,701,1148,Atmospheric/Calm
dark wave,4471,443,Atmospheric/Calm
ska revival,11865,1023,Atmospheric/Calm
corridos belicos,12798,957,Atmospheric/Calm
new comedy,19638,1075,Atmospheric/Calm
russian edm,1856,864,Atmospheric/Calm
ecuadorian pop,8372,975,Atmospheric/Calm
roda de samba,12648,858,Atmospheric/Calm
fado,17797,726,Atmospheric/Calm
post-screamo,3156,253,Deep/Acoustic
vintage french electronic,13392,573,Atmospheric/Calm
carnaval cadiz,12191,837,Atmospheric/Calm
pastoral,17074,394,Deep/Acoustic
acoustic rock,13700,624,Atmospheric/Calm
rock independant francais,6916,549,Atmospheric/Calm
texas pop punk,4267,335,Deep/Acoustic
alternative roots rock,11514,458,Atmospheric/Calm
japanese post-hardcore,7236,207,Deep/Acoustic
nova musica pernambucana,10448,793,Atmospheric/Calm
slovak hip hop,8298,1013,Atmospheric/Calm
musica sinaloense,13479,1062,Atmospheric/Calm
comedy rock,15546,1171,Atmospheric/Calm
colombian indie,7090,797,Atmospheric/Calm
volksmusik,7817,627,Atmospheric/Calm
belo horizonte indie,10954,731,Atmospheric/Calm
ostrock,9429,718,Atmospheric/Calm
israeli hip hop,7347,1000,Atmospheric/Calm
vbs,10258,783,Atmospheric/Calm
xtra raw,3039,503,Atmospheric/Calm
musica per bambini,8248,931,Atmospheric/Calm
louvor,14574,566,Atmospheric/Calm
french jazz,18732,971,Atmospheric/Calm
hard bass,1454,1070,Atmospheric/Calm
world devotional,15571,445,Atmospheric/Calm
industrial hip hop,6396,734,Atmospheric/Calm
russian hyperpop,7299,583,Atmospheric/Calm
japanese metalcore,4771,214,Deep/Acoustic
german oi,7633,358,Deep/Acoustic
nepali pop,10337,718,Atmospheric/Calm
sinhala pop,10575,819,Atmospheric/Calm
darksynth,2542,452,Atmospheric/Calm
korean indie rock,7174,466,Atmospheric/Calm
gregorian chant,20355,408,Atmospheric/Calm
mambo,16394,1005,Atmospheric/Calm
deep talent show,9819,544,Atmospheric/Calm
miami bass,1826,1237,Atmospheric/Calm
vietnamese singer-songwriter,13725,630,Atmospheric/Calm
classic thai pop,8399,744,Atmospheric/Calm
argentine punk,8506,342,Deep/Acoustic
samba reggae,8076,911,Atmospheric/Calm
turkish soundtrack,13788,441,Atmospheric/Calm
musica andina,15285,929,Atmospheric/Calm
chinese idol pop,5085,751,Atmospheric/Calm
kansas city hip hop,9631,1038,Atmospheric/Calm
steampunk,9999,588,Atmospheric/Calm
experimental ambient,15751,294,Deep/Acoustic
deathgrass,12500,549,Atmospheric/Calm
drain,7805,596,Atmospheric/Calm
russian viral rap,4004,1119,Atmospheric/Calm
j-ambient,16014,441,Atmospheric/Calm
banjo,16318,885,Atmospheric/Calm
cancion infantil mexicana,12289,1013,Atmospheric/Calm
solfeggio product,19462,134,Deep/Acoustic
slamming deathcore,6653,172,Deep/Acoustic
classic polish pop,15225,741,Atmospheric/Calm
turkce kadin rap,5187,1026,Atmospheric/Calm
norwegian rock,9786,374,Deep/Acoustic
jungle,1651,1023,Atmospheric/Calm
ecm-style jazz,18995,593,Atmospheric/Calm
abstract beats,7827,939,Atmospheric/Calm
cello,14565,344,Deep/Acoustic
ukrainian phonk,2412,937,Atmospheric/Calm
saxophone house,2805,847,Atmospheric/Calm
south african trap,9957,1032,Atmospheric/Calm
nottingham hip hop,10957,1071,Atmospheric/Calm
reggae cover,4583,1004,Atmospheric/Calm
old school bassline,2277,1155,Atmospheric/Calm
polish alternative rock,6754,477,Atmospheric/Calm
rock quebecois,9934,481,Atmospheric/Calm
indonesian ska,5114,856,Atmospheric/Calm
australian r&b,7014,854,Atmospheric/Calm
emo mexicano,6210,339,Deep/Acoustic
islamic recitation,21333,808,Atmospheric/Calm
english baroque,20727,402,Atmospheric/Calm
uk tech house,146,1399,Hyper/Electronic
australian post-hardcore,3682,190,Deep/Acoustic
synthesizer,11563,388,Deep/Acoustic
deep new americana,12117,593,Atmospheric/Calm
russian underground rap,12697,984,Atmospheric/Calm
dark rock,4099,298,Deep/Acoustic
dark post-punk,2440,408,Atmospheric/Calm
old school dancehall,6286,1210,Atmospheric/Calm
doom metal,10892,149,Deep/Acoustic
musica poblana,4111,1148,Atmospheric/Calm
italian tenor,21583,333,Deep/Acoustic
canadian classical,21145,255,Deep/Acoustic
classical tenor,21730,264,Deep/Acoustic
swedish americana,14020,479,Atmospheric/Calm
swedish melodic rock,4734,310,Deep/Acoustic
dangdut remix,3532,973,Atmospheric/Calm
crossover thrash,10855,240,Deep/Acoustic
russian rave,2776,907,Atmospheric/Calm
musica potosina,12562,1081,Atmospheric/Calm
sacramento hip hop,9332,1117,Atmospheric/Calm
german indie folk,12376,700,Atmospheric/Calm
north east england indie,8714,475,Atmospheric/Calm
punk rock mexicano,7780,392,Deep/Acoustic
psicodelia brasileira,12896,716,Atmospheric/Calm
josei rap,4909,1011,Atmospheric/Calm
japanese instrumental,16051,839,Atmospheric/Calm
bakersfield sound,14711,834,Atmospheric/Calm
korean old school hip hop,5363,1071,Atmospheric/Calm
korean talent show,13775,454,Atmospheric/Calm
chinese hip hop,6967,1007,Atmospheric/Calm
tex-mex,9767,1034,Atmospheric/Calm
anime cv,4909,473,Atmospheric/Calm
city pop,6148,793,Atmospheric/Calm
deutschrock,5678,356,Deep/Acoustic
drill brasileiro,9805,1058,Atmospheric/Calm
kawaii metal,4112,214,Deep/Acoustic
canadian metalcore,5126,183,Deep/Acoustic
groove gospel,10183,559,Atmospheric/Calm
jewish pop,9365,583,Atmospheric/Calm
orgcore,8432,285,Deep/Acoustic
classic belgian pop,8638,724,Atmospheric/Calm
brazilian metal,8705,244,Deep/Acoustic
ballet class,18802,998,Atmospheric/Calm
musica catalana,7029,810,Atmospheric/Calm
kindie rock,12784,990,Atmospheric/Calm
musica neoleonesa,12053,1106,Atmospheric/Calm
indian fusion,12438,756,Atmospheric/Calm
carnatic,19048,765,Atmospheric/Calm
popwave,2762,556,Atmospheric/Calm
nottingham indie,10724,458,Atmospheric/Calm
psychedelic pop,10061,506,Atmospheric/Calm
battle rap,10882,996,Atmospheric/Calm
classic j-rock,7249,530,Atmospheric/Calm
indonesian post-hardcore,5615,292,Deep/Acoustic
nightrun,2747,348,Deep/Acoustic
albuquerque indie,9561,621,Atmospheric/Calm
irish country,14008,544,Atmospheric/Calm
portuguese rock,10831,609,Atmospheric/Calm
roots americana,11144,604,Atmospheric/Calm
brazilian indie,9431,856,Atmospheric/Calm
glam punk,8454,274,Deep/Acoustic
brazilian emo,7915,370,Deep/Acoustic
brit funk,4793,947,Atmospheric/Calm
alabama indie,11318,460,Atmospheric/Calm
western swing,17278,911,Atmospheric/Calm
cumbia lagunera,8001,1126,Atmospheric/Calm
malaysian indie,7594,458,Atmospheric/Calm
post-metal,10697,133,Deep/Acoustic
french metal,7383,212,Deep/Acoustic
classic norwegian pop,13884,689,Atmospheric/Calm
australian singer-songwriter,13983,556,Atmospheric/Calm
8d,14641,242,Deep/Acoustic
blackened deathcore,6964,127,Deep/Acoustic
tololoche,13528,1070,Atmospheric/Calm
classic persian pop,15796,596,Atmospheric/Calm
flamenco fusion,9619,963,Atmospheric/Calm
double drumming,11246,358,Deep/Acoustic
brazilian soul,10283,891,Atmospheric/Calm
west coast reggae,7372,937,Atmospheric/Calm
k-pop ballad,13896,609,Atmospheric/Calm
manila sound,13800,573,Atmospheric/Calm
canadian children's music,14107,1062,Atmospheric/Calm
jazz quartet,18644,883,Atmospheric/Calm
afro house,1134,1252,Atmospheric/Calm
singaporean singer-songwriter,13207,581,Atmospheric/Calm
sertanejo gospel,7756,739,Atmospheric/Calm
traditional country,17926,901,Atmospheric/Calm
dabke,11808,724,Atmospheric/Calm
lithuanian pop,4968,851,Atmospheric/Calm
christian uplift,10944,370,Deep/Acoustic
trop rock,9394,849,Atmospheric/Calm
flint hip hop,7422,1058,Atmospheric/Calm
trot,11280,508,Atmospheric/Calm
rock alternativo espanol,6026,348,Deep/Acoustic
virginia metal,9587,205,Deep/Acoustic
lds youth,12536,568,Atmospheric/Calm
chinese bgm,17008,746,Atmospheric/Calm
german viral rap,8397,1157,Atmospheric/Calm
early avant garde,21683,767,Atmospheric/Calm
swedish jazz,17926,721,Atmospheric/Calm
cumbia andina mexicana,10208,1021,Atmospheric/Calm
super eurobeat,2411,795,Atmospheric/Calm
novelty,13733,965,Atmospheric/Calm
russian metal,6149,249,Deep/Acoustic
witch house,5026,384,Deep/Acoustic
acoustic chill,16114,788,Atmospheric/Calm
african rock,6370,566,Atmospheric/Calm
tribal house,865,1184,Atmospheric/Calm
space age pop,17266,739,Atmospheric/Calm
uzbek pop,5830,887,Atmospheric/Calm
finnish heavy metal,4646,227,Deep/Acoustic
popping,4267,1146,Atmospheric/Calm
glitch,10664,646,Atmospheric/Calm
zouk,2862,1004,Atmospheric/Calm
kawaii future bass,2805,705,Atmospheric/Calm
musica alagoana,11066,881,Atmospheric/Calm
louisiana blues,16248,907,Atmospheric/Calm
rap cristao,9504,1041,Atmospheric/Calm
hip-hop experimental,5806,969,Atmospheric/Calm
norwegian metal,9206,108,Deep/Acoustic
klubowe,1636,1071,Atmospheric/Calm
progressive jazz fusion,11771,510,Atmospheric/Calm
5th wave emo,9045,331,Deep/Acoustic
dansktop,12388,765,Atmospheric/Calm
swiss pop,4583,802,Atmospheric/Calm
himachali pop,7851,841,Atmospheric/Calm
bongo flava,9418,1077,Atmospheric/Calm
deep chill,4123,949,Atmospheric/Calm
musica coahuilense,8939,1108,Atmospheric/Calm
eurobeat,1885,583,Atmospheric/Calm
braindance,3478,961,Atmospheric/Calm
melodic hardcore,8693,245,Deep/Acoustic
latin funk,7459,984,Atmospheric/Calm
modern jazz piano,18907,741,Atmospheric/Calm
asbury park indie,10501,512,Atmospheric/Calm
speed up brasileiro,7655,1106,Atmospheric/Calm
rap anime,9706,996,Atmospheric/Calm
czech folk,14503,716,Atmospheric/Calm
trance brasileiro,1515,1150,Atmospheric/Calm
pub rock,9390,563,Atmospheric/Calm
czech pop rock,5172,599,Atmospheric/Calm
australian underground hip hop,9755,1030,Atmospheric/Calm
slovak pop,10288,633,Atmospheric/Calm
lds,18030,402,Atmospheric/Calm
modern melodic hardcore,7804,227,Deep/Acoustic
salsa choke,3519,1223,Atmospheric/Calm
relaxative,16715,756,Atmospheric/Calm
south african pop dance,3037,998,Atmospheric/Calm
birmingham hip hop,12363,1051,Atmospheric/Calm
ukrainian indie,8075,692,Atmospheric/Calm
australian americana,12835,655,Atmospheric/Calm
emo trap en espanol,5945,772,Atmospheric/Calm
shabad,16014,847,Atmospheric/Calm
organic ambient,19487,67,Deep/Acoustic
thai folk pop,9945,694,Atmospheric/Calm
gabber,2177,630,Atmospheric/Calm
bruneian pop,8338,700,Atmospheric/Calm
acoustic punk,12621,721,Atmospheric/Calm
hardcore,10415,321,Deep/Acoustic
j-reggae,5212,996,Atmospheric/Calm
flute rock,13035,422,Atmospheric/Calm
dreampunk,13238,266,Deep/Acoustic
magyar alternative,6891,519,Atmospheric/Calm
norwegian country,9118,639,Atmospheric/Calm
maskandi,3419,973,Atmospheric/Calm
banda carnavalera,12961,965,Atmospheric/Calm
afro drill,7989,1152,Atmospheric/Calm
mathcore,10477,181,Deep/Acoustic
zouk riddim,5375,990,Atmospheric/Calm
groove room,1109,1256,Atmospheric/Calm
israeli singer-songwriter,14009,659,Atmospheric/Calm
nu gabber,2216,925,Atmospheric/Calm
australian garage punk,8148,270,Deep/Acoustic
latin soundtrack,16657,298,Deep/Acoustic
cologne hip hop,9394,1075,Atmospheric/Calm
cante flamenco,19416,851,Atmospheric/Calm
bouncy house,1403,925,Atmospheric/Calm
brazilian bass,1245,1263,Atmospheric/Calm
san marcos tx indie,10818,540,Atmospheric/Calm
dominican pop,9076,988,Atmospheric/Calm
deconstructed club,8702,596,Atmospheric/Calm
japanese shoegaze,6604,244,Deep/Acoustic
azeri rap,10508,1026,Atmospheric/Calm
tolkien metal,8074,142,Deep/Acoustic
shred,7322,327,Deep/Acoustic
icelandic singer-songwriter,13540,591,Atmospheric/Calm
talentschau,10147,718,Atmospheric/Calm
rap lyonnais,8359,1119,Atmospheric/Calm
classic czech pop,13850,624,Atmospheric/Calm
psychobilly,9206,429,Atmospheric/Calm
indian rock,7532,663,Atmospheric/Calm
country blues,20193,1092,Atmospheric/Calm
tango,20397,913,Atmospheric/Calm
hurdy-gurdy,9884,350,Deep/Acoustic
tone,19375,158,Deep/Acoustic
deep rai,5880,847,Atmospheric/Calm
math rock,11563,475,Atmospheric/Calm
viet chill rap,11041,939,Atmospheric/Calm
yodeling,18498,895,Atmospheric/Calm
malang indie,6879,495,Atmospheric/Calm
reggae gaucho,6336,992,Atmospheric/Calm
chilean hardcore,5361,571,Atmospheric/Calm
swedish garage rock,8849,277,Deep/Acoustic
hyperpop francais,6384,802,Atmospheric/Calm
ukg revival,2162,1268,Atmospheric/Calm
symphonic black metal,8419,101,Deep/Acoustic
classic greek pop,15398,736,Atmospheric/Calm
finnish melodeath,4759,131,Deep/Acoustic
techno kayo,7198,772,Atmospheric/Calm
rap baixada fluminense,12191,998,Atmospheric/Calm
shonen,6051,327,Deep/Acoustic
electroclash,1914,953,Atmospheric/Calm
karneval,7594,763,Atmospheric/Calm
nashville indie,9664,460,Atmospheric/Calm
zxc,4822,799,Atmospheric/Calm
mande pop,12413,955,Atmospheric/Calm
finnish alternative rock,5143,339,Deep/Acoustic
ukrainian hip hop,8853,1058,Atmospheric/Calm
latintronica,4413,1038,Atmospheric/Calm
german hyperpop,5224,799,Atmospheric/Calm
r&b italiano,8564,828,Atmospheric/Calm
italian techno,463,1261,Unknown
bosnian pop,8897,624,Atmospheric/Calm
lithuanian edm,2206,1075,Atmospheric/Calm
belarusian indie,6518,588,Atmospheric/Calm
lambadao,5618,1180,Atmospheric/Calm
praise,12166,583,Atmospheric/Calm
papuri,12130,466,Atmospheric/Calm
ebm,1826,680,Atmospheric/Calm
brazilian boogie,10920,903,Atmospheric/Calm
dutch tech house,584,1347,Unknown
circuit,801,1157,Atmospheric/Calm
punjabi lo-fi,8533,746,Atmospheric/Calm
christian lo-fi,13299,935,Atmospheric/Calm
ukrainian classical,22501,312,Deep/Acoustic
chamber psych,10048,515,Atmospheric/Calm
vocal harmony group,19500,901,Atmospheric/Calm
pakistani indie,9453,633,Atmospheric/Calm
experimental classical,19521,218,Deep/Acoustic
cumbia colombiana regia,9319,1126,Atmospheric/Calm
polish reggae,5362,856,Atmospheric/Calm
german worship,11553,621,Atmospheric/Calm
puirt-a-beul,19813,454,Atmospheric/Calm
fantasy,14439,335,Deep/Acoustic
reading indie,5790,392,Deep/Acoustic
russian indie,6148,588,Atmospheric/Calm
electro bailando,2715,1077,Atmospheric/Calm
disco polo,1208,1123,Atmospheric/Calm
seiyu,3390,458,Atmospheric/Calm
messianic praise,12658,412,Atmospheric/Calm
batak,7755,544,Atmospheric/Calm
indie catala,11019,627,Atmospheric/Calm
dutch r&b,8540,939,Atmospheric/Calm
turk sanat muzigi,18060,386,Deep/Acoustic
perth indie,9266,481,Atmospheric/Calm
chinese melodic rap,6587,943,Atmospheric/Calm
oktoberfest,4442,763,Atmospheric/Calm
belarusian hip hop,8702,990,Atmospheric/Calm
fogo pentecostal,9218,716,Atmospheric/Calm
ethnotronica,1453,1285,Atmospheric/Calm
polish punk,7335,427,Atmospheric/Calm
microtonal,16260,429,Atmospheric/Calm
cumbia ecuatoriana,11754,1062,Atmospheric/Calm
anime piano,16657,646,Atmospheric/Calm
russian modern classical,21547,386,Deep/Acoustic
japanese piano,19645,519,Atmospheric/Calm
swedish dancehall,5440,1110,Atmospheric/Calm
swedish reggae,6639,1088,Atmospheric/Calm
austin americana,12326,667,Atmospheric/Calm
indie rockism,3945,433,Atmospheric/Calm
euskal rock,8346,512,Atmospheric/Calm
rap antillais,10283,1045,Atmospheric/Calm
italian reggae,4425,1075,Atmospheric/Calm
high-tech minimal,804,1350,Atmospheric/Calm
ambient house,6409,744,Atmospheric/Calm
world fusion,6581,772,Atmospheric/Calm
deep tech house,190,1360,Hyper/Electronic
rap siciliano,8816,963,Atmospheric/Calm
pop worship,9761,360,Deep/Acoustic
moldovan pop,3887,746,Atmospheric/Calm
new italo disco,906,895,Atmospheric/Calm
chill beats,4248,979,Atmospheric/Calm
west end,17446,479,Atmospheric/Calm
melodic deathcore,5578,185,Deep/Acoustic
south african alternative,7421,802,Atmospheric/Calm
syrian pop,13309,636,Atmospheric/Calm
turkish modern jazz,14872,716,Atmospheric/Calm
uk post-punk revival,6468,431,Atmospheric/Calm
instrumental soul,13875,988,Atmospheric/Calm
classic finnish pop,14439,716,Atmospheric/Calm
furry,7014,689,Atmospheric/Calm
shatta,7142,1159,Atmospheric/Calm
musica gaucha,6563,975,Atmospheric/Calm
christian afrobeat,7704,927,Atmospheric/Calm
workout product,914,1223,Atmospheric/Calm
indie extremena,6358,512,Atmospheric/Calm
slovak rock,6411,646,Atmospheric/Calm
british jazz,16540,736,Atmospheric/Calm
russian punk rock,5623,519,Atmospheric/Calm
ragga jungle,2119,1108,Atmospheric/Calm
oldschool deutschrap,9406,1064,Atmospheric/Calm
no wave,10325,561,Atmospheric/Calm
orchestra,19871,227,Deep/Acoustic
california hardcore,11355,272,Deep/Acoustic
concurso de talentos argentino,11605,677,Atmospheric/Calm
swiss indie,8224,703,Atmospheric/Calm
british power metal,4688,194,Deep/Acoustic
tanzanian pop,11240,1066,Atmospheric/Calm
christelijk,14080,412,Atmospheric/Calm
surf music,12823,788,Atmospheric/Calm
lithuanian electronic,2091,1126,Atmospheric/Calm
honky tonk,16952,856,Atmospheric/Calm
jump up,1622,1015,Atmospheric/Calm
rap romantico,12016,1043,Atmospheric/Calm
funktronica,2688,957,Atmospheric/Calm
thai indie,6166,697,Atmospheric/Calm
san diego rap,8164,1097,Atmospheric/Calm
j-punk,7383,312,Deep/Acoustic
smutny rap,7140,935,Atmospheric/Calm
atlanta metal,5978,201,Deep/Acoustic
mundart,9002,874,Atmospheric/Calm
metal cover,3361,329,Deep/Acoustic
finnish death metal,6027,127,Deep/Acoustic
leicester indie,7461,454,Atmospheric/Calm
apostolic worship,11093,431,Atmospheric/Calm
montreal indie,9776,646,Atmospheric/Calm
chanson paillarde,13782,1015,Atmospheric/Calm
sevdah,13084,524,Atmospheric/Calm
gypsy jazz,18966,1119,Atmospheric/Calm
hardvapour,11043,700,Atmospheric/Calm
boston metal,9303,167,Deep/Acoustic
brega saudade,7520,843,Atmospheric/Calm
timba,12822,1040,Atmospheric/Calm
delta blues,19988,1101,Atmospheric/Calm
speed up turkce,8888,883,Atmospheric/Calm
pinoy idol pop,4726,849,Atmospheric/Calm
musica cristiana guatemalteca,11567,891,Atmospheric/Calm
pirate,8013,412,Atmospheric/Calm
funky house,684,1285,Atmospheric/Calm
scottish indie rock,5297,372,Deep/Acoustic
techno,1048,1180,Atmospheric/Calm
southern gospel,13908,530,Atmospheric/Calm
dariacore,4734,703,Atmospheric/Calm
russian witch house,3565,462,Atmospheric/Calm
baglama,16699,718,Atmospheric/Calm
classic bhangra,8728,980,Atmospheric/Calm
britpop revival,4997,268,Deep/Acoustic
pinoy indie rock,9478,593,Atmospheric/Calm
khaleeji iraqi,11655,751,Atmospheric/Calm
hawaiian,16189,561,Atmospheric/Calm
czech classical,22086,291,Deep/Acoustic
free jazz,18323,718,Atmospheric/Calm
acid house,1467,1110,Atmospheric/Calm
neo-traditional bluegrass,13626,697,Atmospheric/Calm
trap beats,2606,1205,Atmospheric/Calm
huayno,14687,941,Atmospheric/Calm
shibuya-kei,5314,770,Atmospheric/Calm
denpa-kei,2776,526,Atmospheric/Calm
atlanta bass,2791,1182,Atmospheric/Calm
french death metal,8491,167,Deep/Acoustic
norwegian black metal,10514,53,Deep/Acoustic
comedie musicale,8485,630,Atmospheric/Calm
deathstep,4237,604,Atmospheric/Calm
nz hip hop,5830,1055,Atmospheric/Calm
adventista,13861,445,Atmospheric/Calm
japanese drill,5076,1049,Atmospheric/Calm
finnish edm,1654,795,Atmospheric/Calm
barcadi,1294,1340,Atmospheric/Calm
cocuk sarkilari,15897,604,Atmospheric/Calm
underground power pop,8420,458,Atmospheric/Calm
indonesian indie rock,5740,308,Deep/Acoustic
funk melody,2977,1071,Atmospheric/Calm
deep minimal techno,219,1372,Hyper/Electronic
atmospheric black metal,10342,50,Deep/Acoustic
musica llanera,16202,1004,Atmospheric/Calm
nasyid,12709,593,Atmospheric/Calm
polish old school hip hop,5879,1108,Atmospheric/Calm
southern metal,7396,283,Deep/Acoustic
lesen,16394,1352,Atmospheric/Calm
classic punjabi pop,13059,988,Atmospheric/Calm
jacksonville indie,11870,475,Atmospheric/Calm
japanese pop rap,6047,971,Atmospheric/Calm
cantautora argentina,13920,830,Atmospheric/Calm
garhwali pop,12560,790,Atmospheric/Calm
carnatic vocal,19667,724,Atmospheric/Calm
norwegian singer-songwriter,14402,533,Atmospheric/Calm
nederreggae,7298,1051,Atmospheric/Calm
rap francais nouvelle vague,9555,1000,Atmospheric/Calm
venezuelan indie,5718,797,Atmospheric/Calm
german ska,6123,734,Atmospheric/Calm
canadian old school hip hop,9381,1051,Atmospheric/Calm
nueva ola chilena,15833,593,Atmospheric/Calm
k-rock,7273,431,Atmospheric/Calm
punk 'n' roll,8161,221,Deep/Acoustic
minneapolis indie,12709,458,Atmospheric/Calm
handpan,17212,821,Atmospheric/Calm
canadian celtic,13503,528,Atmospheric/Calm
yogyakarta indie,8739,384,Deep/Acoustic
hyperpop en espanol,5539,799,Atmospheric/Calm
pakistani folk,15021,777,Atmospheric/Calm
irish hip hop,8927,1015,Atmospheric/Calm
japanese indie pop,9094,633,Atmospheric/Calm
chaotic hardcore,10929,152,Deep/Acoustic
classic malaysian pop,10564,571,Atmospheric/Calm
harmonica blues,16494,945,Atmospheric/Calm
jamgrass,13896,783,Atmospheric/Calm
us power metal,8825,258,Deep/Acoustic
bangla pop,11771,744,Atmospheric/Calm
trap cristao,8476,1021,Atmospheric/Calm
vintage jazz,20164,1032,Atmospheric/Calm
malayalam hip hop,7571,1058,Atmospheric/Calm
poezja spiewana,15046,779,Atmospheric/Calm
rap montrealais,9015,1066,Atmospheric/Calm
boston punk,10020,277,Deep/Acoustic
jazz house,1440,1265,Atmospheric/Calm
fingerstyle,18030,969,Atmospheric/Calm
baltimore hip hop,6023,1105,Atmospheric/Calm
drone metal,11661,120,Deep/Acoustic
musica nayarita,12116,1103,Atmospheric/Calm
indonesian edm,3052,813,Atmospheric/Calm
german ccm,11832,677,Atmospheric/Calm
folklore ecuatoriano,15517,1126,Atmospheric/Calm
christmas instrumental,17266,864,Atmospheric/Calm
riddim,10481,1101,Atmospheric/Calm
japanese screamo,9168,181,Deep/Acoustic
indiana hip hop,8026,1011,Atmospheric/Calm
nepali indie,9586,700,Atmospheric/Calm
fluxwork,7943,721,Atmospheric/Calm
indonesian blues,11019,481,Atmospheric/Calm
futurepop,1476,624,Atmospheric/Calm
estonian hip hop,6199,967,Atmospheric/Calm
neurofunk,1725,929,Atmospheric/Calm
vlaamse kinderliedje,11278,1002,Atmospheric/Calm
michigan indie,12860,559,Atmospheric/Calm
classic dubstep,2674,988,Atmospheric/Calm
french psychedelic,7087,486,Atmospheric/Calm
psychill,3828,705,Atmospheric/Calm
czech punk,7323,447,Atmospheric/Calm
russian viral pop,4292,977,Atmospheric/Calm
american contemporary classical,21316,384,Deep/Acoustic
burmese pop,8739,739,Atmospheric/Calm
russian folk rock,11069,581,Atmospheric/Calm
twee pop,9847,479,Atmospheric/Calm
rai algerien,9780,779,Atmospheric/Calm
chinderlieder,14933,1177,Atmospheric/Calm
vietnamese idol pop,8347,879,Atmospheric/Calm
pittsburgh indie,11173,456,Atmospheric/Calm
sovietwave,4325,596,Atmospheric/Calm
symphonic power metal,4413,185,Deep/Acoustic
bristol indie,11081,418,Atmospheric/Calm
australian talent show,8261,670,Atmospheric/Calm
speed plug brasileiro,8866,1015,Atmospheric/Calm
new orleans blues,16482,905,Atmospheric/Calm
futuristic swag,4062,1064,Atmospheric/Calm
manchester indie,6729,380,Deep/Acoustic
mexican edm,2079,1060,Atmospheric/Calm
geek folk,13959,729,Atmospheric/Calm
skansk musik,8350,724,Atmospheric/Calm
scottish electronic,4738,837,Atmospheric/Calm
kompa,7409,929,Atmospheric/Calm
malian blues,12947,901,Atmospheric/Calm
substep,5157,767,Atmospheric/Calm
rumba congolaise,14033,939,Atmospheric/Calm
classic bangla pop,16189,670,Atmospheric/Calm
british modern classical,21914,229,Deep/Acoustic
classical performance,21596,362,Deep/Acoustic
kundalini,15809,327,Deep/Acoustic
norwegian classical,22036,329,Deep/Acoustic
kurdish hip hop,11191,1043,Atmospheric/Calm
gaita zuliana,12487,1056,Atmospheric/Calm
african gospel,11541,705,Atmospheric/Calm
balkan beats,4148,1015,Atmospheric/Calm
cumbia amazonica,12129,979,Atmospheric/Calm
wyoming roots,11267,624,Atmospheric/Calm
latin house,1797,1144,Atmospheric/Calm
japanese dance pop,3273,795,Atmospheric/Calm
grand rapids indie,11418,503,Atmospheric/Calm
semarang indie,6235,506,Atmospheric/Calm
san diego indie,7522,404,Atmospheric/Calm
touhou,3887,495,Atmospheric/Calm
ndombolo,11129,868,Atmospheric/Calm
hinos ccb,16038,515,Atmospheric/Calm
electric bass,15547,806,Atmospheric/Calm
epa dunk,2553,923,Atmospheric/Calm
cumbia salvadorena,8483,1193,Atmospheric/Calm
dutch drill,7017,1152,Atmospheric/Calm
dmv rap,7584,1086,Atmospheric/Calm
abstract,9908,663,Atmospheric/Calm
russian chanson,3929,919,Atmospheric/Calm
swedish progressive metal,7596,238,Deep/Acoustic
rap regio,5884,1026,Atmospheric/Calm
serbian hip hop,7190,1071,Atmospheric/Calm
medieval folk,12350,368,Deep/Acoustic
cumbia uruguaya,11766,979,Atmospheric/Calm
enka,14991,427,Atmospheric/Calm
swiss rock,8273,547,Atmospheric/Calm
chill out,8564,941,Atmospheric/Calm
hong kong indie,10170,556,Atmospheric/Calm
bozlak,17095,724,Atmospheric/Calm
japanese chill rap,9051,965,Atmospheric/Calm
russian dance pop,3156,854,Atmospheric/Calm
leipzig electronic,1318,1254,Atmospheric/Calm
horrorcore,5237,1000,Atmospheric/Calm
galante era,21084,408,Atmospheric/Calm
croatian rock,7606,609,Atmospheric/Calm
nova musica carioca,11416,839,Atmospheric/Calm
psychedelic folk,15021,646,Atmospheric/Calm
21st century classical,21303,272,Deep/Acoustic
brazilian classical,20427,537,Atmospheric/Calm
tempe indie,6904,398,Deep/Acoustic
vintage tollywood,18966,765,Atmospheric/Calm
folclor colombiano,13351,1092,Atmospheric/Calm
neo-traditional country,9625,650,Atmospheric/Calm
nantes indie,8063,700,Atmospheric/Calm
rock piauiense,7002,650,Atmospheric/Calm
norske viser,15159,741,Atmospheric/Calm
experimental vocal,15119,490,Atmospheric/Calm
south carolina indie,11230,492,Atmospheric/Calm
deathrash,9512,205,Deep/Acoustic
alternative pop,10736,398,Deep/Acoustic
american modern classical,21133,488,Atmospheric/Calm
african reggae,6437,1115,Atmospheric/Calm
pagan black metal,10440,67,Deep/Acoustic
palestinian hip hop,10709,967,Atmospheric/Calm
kleinkunst,11832,777,Atmospheric/Calm
sung poetry,15374,751,Atmospheric/Calm
virgin islands reggae,8714,1121,Atmospheric/Calm
paisley underground,10440,420,Atmospheric/Calm
viet lo-fi,8527,986,Atmospheric/Calm
trova mexicana,15560,872,Atmospheric/Calm
springfield mo indie,11698,535,Atmospheric/Calm
russian reggae,7520,955,Atmospheric/Calm
grindcore,11319,113,Deep/Acoustic
alaska indie,12069,588,Atmospheric/Calm
finnish drill,4518,1139,Atmospheric/Calm
christian punk,6965,392,Deep/Acoustic
italian metal,11088,115,Deep/Acoustic
folclore santiagueno,14699,963,Atmospheric/Calm
flamenco guitar,18043,935,Atmospheric/Calm
kompa gouyad,2886,1002,Atmospheric/Calm
jamtronica,6990,663,Atmospheric/Calm
ontario indie,10428,484,Atmospheric/Calm
japanese indie rock,5398,374,Deep/Acoustic
canadian post-hardcore,7584,196,Deep/Acoustic
techengue,3074,1153,Atmospheric/Calm
tape club,10625,447,Atmospheric/Calm
anime latino,4617,551,Atmospheric/Calm
huapango,10894,1112,Atmospheric/Calm
chinese electropop,5419,779,Atmospheric/Calm
japanese folk,14749,566,Atmospheric/Calm
kenyan pop,7236,1005,Atmospheric/Calm
memphis blues,18177,1023,Atmospheric/Calm
german punk rock,5778,412,Atmospheric/Calm
modern jazz trio,17546,891,Atmospheric/Calm
dark disco,853,1240,Atmospheric/Calm
oc indie,8481,559,Atmospheric/Calm
folklore surero,20176,1086,Atmospheric/Calm
jazz rock,14488,537,Atmospheric/Calm
kingston on indie,10464,499,Atmospheric/Calm
thai viral pop,8000,921,Atmospheric/Calm
malay rap,7285,1015,Atmospheric/Calm
bubblegum bass,5501,843,Atmospheric/Calm
dutch americana,13121,586,Atmospheric/Calm
modern hardcore,10122,255,Deep/Acoustic
rap maromba,6791,1130,Atmospheric/Calm
brazilian house,1269,1178,Atmospheric/Calm
pop peruano,7594,911,Atmospheric/Calm
musica campechana,6942,1132,Atmospheric/Calm
musica popular paraense,8828,885,Atmospheric/Calm
vintage schlager,20076,753,Atmospheric/Calm
melodic groove metal,4783,183,Deep/Acoustic
azeri pop,7569,849,Atmospheric/Calm
aggrotech,1315,586,Atmospheric/Calm
vgm remix,1797,905,Atmospheric/Calm
musica oaxaquena,13096,1028,Atmospheric/Calm
middle east hip hop,9842,937,Atmospheric/Calm
kannada hip hop,8576,1005,Atmospheric/Calm
french movie tunes,14540,741,Atmospheric/Calm
italian tech house,117,1416,Hyper/Electronic
dream trance,1158,1051,Atmospheric/Calm
boogaloo,15094,1049,Atmospheric/Calm
mod revival,9488,469,Atmospheric/Calm
raw techno,395,1210,Hyper/Electronic
gaian doom,11612,163,Deep/Acoustic
nu age,17388,210,Deep/Acoustic
salsa international,14143,1064,Atmospheric/Calm
swedish metalcore,2981,194,Deep/Acoustic
collage pop,10736,566,Atmospheric/Calm
arab trap,3432,751,Atmospheric/Calm
thai folk,12847,624,Atmospheric/Calm
horror synth,11124,362,Deep/Acoustic
champeta,3870,1134,Atmospheric/Calm
tallava,7817,828,Atmospheric/Calm
cuban alternative,12624,1002,Atmospheric/Calm
american post-rock,11271,310,Deep/Acoustic
alberta country,6221,554,Atmospheric/Calm
classical piano,22297,515,Atmospheric/Calm
zespol dzieciecy,12636,1045,Atmospheric/Calm
copla,19930,786,Atmospheric/Calm
kodomo no ongaku,12475,1025,Atmospheric/Calm
musica popular mineira,14884,583,Atmospheric/Calm
musica maranhense,11754,881,Atmospheric/Calm
drift,19871,41,Deep/Acoustic
swiss hip hop,8139,1032,Atmospheric/Calm
hokkaido indie,5766,466,Atmospheric/Calm
fremantle indie,7519,624,Atmospheric/Calm
bogor indie,6272,388,Deep/Acoustic
early music ensemble,21230,327,Deep/Acoustic
kurdish folk,15085,713,Atmospheric/Calm
uk post-hardcore,6727,240,Deep/Acoustic
chinese minyao,13367,596,Atmospheric/Calm
singing bowl,19842,136,Deep/Acoustic
danish alternative rock,8620,354,Deep/Acoustic
kenyan r&b,9213,967,Atmospheric/Calm
alternative ccm,11882,486,Atmospheric/Calm
folklore boliviano,13323,897,Atmospheric/Calm
soukous,12067,951,Atmospheric/Calm
huayno peruano,13995,874,Atmospheric/Calm
blackgaze,9884,87,Deep/Acoustic
military rap,6084,1015,Atmospheric/Calm
cumbia surena,7707,795,Atmospheric/Calm
psychedelic doom,10990,214,Deep/Acoustic
south african jazz,11943,891,Atmospheric/Calm
musica juiz-forana,10763,746,Atmospheric/Calm
instrumental bluegrass,15009,793,Atmospheric/Calm
neue volksmusik,12042,905,Atmospheric/Calm
chopped and screwed,6526,1071,Atmospheric/Calm
norwegian trap,7876,1092,Atmospheric/Calm
israeli folk,15107,519,Atmospheric/Calm
instrumental math rock,9884,515,Atmospheric/Calm
fidget house,1700,1126,Atmospheric/Calm
funky tech house,475,1297,Unknown
beach house,4496,955,Atmospheric/Calm
malaysian hip hop,6550,945,Atmospheric/Calm
german jazz rap,9842,1095,Atmospheric/Calm
taiwan idol pop,4793,655,Atmospheric/Calm
uk desi rap,8964,1101,Atmospheric/Calm
oriental metal,6616,214,Deep/Acoustic
rajasthani pop,6754,872,Atmospheric/Calm
ukrainian electronic,1183,1126,Atmospheric/Calm
electro dub,2701,1023,Atmospheric/Calm
japanese ska,5786,559,Atmospheric/Calm
irish metal,8334,156,Deep/Acoustic
jirai kei,2951,540,Atmospheric/Calm
new tribe,14021,758,Atmospheric/Calm
lo-fi brasileiro,12973,1011,Atmospheric/Calm
turntablism,5261,1071,Atmospheric/Calm
new england emo,8136,315,Deep/Acoustic
latincore,5156,289,Deep/Acoustic
jumpstyle,1442,1007,Atmospheric/Calm
hauntology,13594,388,Deep/Acoustic
zouglou,6010,1051,Atmospheric/Calm
igbo pop,12512,1053,Atmospheric/Calm
french indie folk,12215,686,Atmospheric/Calm
dreamgaze,7261,188,Deep/Acoustic
arkansas hip hop,6162,1132,Atmospheric/Calm
children's choir,16115,547,Atmospheric/Calm
riddim dubstep,4442,945,Atmospheric/Calm
olympia wa indie,12562,556,Atmospheric/Calm
korean singer-songwriter,13589,607,Atmospheric/Calm
orthodox chant,21194,306,Deep/Acoustic
new delhi indie,7149,630,Atmospheric/Calm
hong kong rock,7682,495,Atmospheric/Calm
dc hardcore,10904,339,Deep/Acoustic
elektropunk,3582,885,Atmospheric/Calm
melbourne indie,12314,486,Atmospheric/Calm
rock viet,9908,473,Atmospheric/Calm
viet remix,4533,1009,Atmospheric/Calm
chanson virale,8446,1004,Atmospheric/Calm
north carolina indie,12807,460,Atmospheric/Calm
luk thung,8802,731,Atmospheric/Calm
corridos cristianos,12154,971,Atmospheric/Calm
garage pop,10502,285,Deep/Acoustic
scottish metal,6173,203,Deep/Acoustic
hard motivation,14687,1009,Atmospheric/Calm
norwegian jazz,17504,581,Atmospheric/Calm
bluegrass gospel,15498,830,Atmospheric/Calm
motivation,16219,1328,Atmospheric/Calm
electro trash,2088,923,Atmospheric/Calm
musica canaria,14723,788,Atmospheric/Calm
russian ska,6692,639,Atmospheric/Calm
chanson quebecois,14414,633,Atmospheric/Calm
instrumental acoustic guitar,17721,777,Atmospheric/Calm
progressive trance house,1430,1041,Atmospheric/Calm
trinibad,9830,1144,Atmospheric/Calm
piratenmuziek,9495,748,Atmospheric/Calm
speed garage,1417,1150,Atmospheric/Calm
swedish heavy metal,5777,218,Deep/Acoustic
clean comedy,18790,984,Atmospheric/Calm
japanese jazz,14552,779,Atmospheric/Calm
bolobedu house,2425,1194,Atmospheric/Calm
greek indie,8571,576,Atmospheric/Calm
nyhc,10330,300,Deep/Acoustic
spanish synthpop,2168,847,Atmospheric/Calm
balearic,2116,1019,Atmospheric/Calm
reunion pop,9027,1060,Atmospheric/Calm
doujin,4325,544,Atmospheric/Calm
hindustani classical,18539,568,Atmospheric/Calm
downtempo bass,4220,923,Atmospheric/Calm
latin ska,7078,729,Atmospheric/Calm
early synthpop,2893,837,Atmospheric/Calm
azeri traditional,16260,639,Atmospheric/Calm
western americana,13663,642,Atmospheric/Calm
hard industrial techno,599,923,Unknown
bounce,3945,1134,Atmospheric/Calm
hip hop timur,7716,1068,Atmospheric/Calm
classic portuguese pop,5818,832,Atmospheric/Calm
peruvian indie,7781,713,Atmospheric/Calm
auteur-compositeur-interprete quebecois,14971,729,Atmospheric/Calm
shojo,4588,510,Atmospheric/Calm
oceania soundtrack,16043,207,Deep/Acoustic
minimal wave,3064,781,Atmospheric/Calm
belgian techno,570,1221,Unknown
cuban rumba,16628,986,Atmospheric/Calm
cumbia editada,2594,1203,Atmospheric/Calm
indie platense,8559,495,Atmospheric/Calm
classic nz pop,11169,694,Atmospheric/Calm
adoracion pentecostal,11080,849,Atmospheric/Calm
deep smooth jazz,8088,941,Atmospheric/Calm
korean dream pop,11068,452,Atmospheric/Calm
brass band,14638,758,Atmospheric/Calm
polish metal,7645,192,Deep/Acoustic
hel,8935,274,Deep/Acoustic
florida death metal,11296,183,Deep/Acoustic
talentkonkurranse,7668,763,Atmospheric/Calm
ambient idm,8162,633,Atmospheric/Calm
italian lounge,7261,905,Atmospheric/Calm
techno rave,611,963,Atmospheric/Calm
future bounce,2918,856,Atmospheric/Calm
acid techno,1084,1117,Atmospheric/Calm
ballroom,12820,716,Atmospheric/Calm
hong kong hip hop,6438,973,Atmospheric/Calm
queercore,8407,495,Atmospheric/Calm
musica criolla,15254,1130,Atmospheric/Calm
bornesange,10506,1103,Atmospheric/Calm
classic k-pop,4620,843,Atmospheric/Calm
musica instrumental cristiana,12749,746,Atmospheric/Calm
euskal musica,12897,556,Atmospheric/Calm
musical advocacy,9230,490,Atmospheric/Calm
straight edge,11088,277,Deep/Acoustic
opera,22268,315,Deep/Acoustic
thai teen pop,6904,813,Atmospheric/Calm
cdmx indie,6766,554,Atmospheric/Calm
scottish folk,16051,490,Atmospheric/Calm
freak folk,14980,506,Atmospheric/Calm
progressive uplifting trance,1488,456,Atmospheric/Calm
kawaii edm,2528,667,Atmospheric/Calm
guitarra mexicana,16406,1099,Atmospheric/Calm
canto popular uruguayo,17095,935,Atmospheric/Calm
french baroque,20439,329,Deep/Acoustic
cha-cha-cha,16669,955,Atmospheric/Calm
utopian virtual,10288,497,Atmospheric/Calm
dakke dak,2484,1017,Atmospheric/Calm
danseband,7906,636,Atmospheric/Calm
rap underground colombiano,8627,1103,Atmospheric/Calm
channel islands indie,10773,576,Atmospheric/Calm
orebro indie,9463,412,Atmospheric/Calm
experimental bass,4645,957,Atmospheric/Calm
french folk pop,10685,901,Atmospheric/Calm
chinese drama ost,10919,540,Atmospheric/Calm
salsa cubana,13173,1064,Atmospheric/Calm
acid jazz,4822,1002,Atmospheric/Calm
sudanese pop,8151,971,Atmospheric/Calm
southern soul blues,5138,1045,Atmospheric/Calm
power-pop punk,7212,304,Deep/Acoustic
cape town indie,4496,804,Atmospheric/Calm
brutal deathcore,7408,176,Deep/Acoustic
progressive sludge,9908,158,Deep/Acoustic
nuevo folklore argentino,11968,961,Atmospheric/Calm
philly drill,7704,1119,Atmospheric/Calm
classic progressive house,1851,992,Atmospheric/Calm
comptine,13578,953,Atmospheric/Calm
african-american classical,19696,891,Atmospheric/Calm
native american contemporary,11820,731,Atmospheric/Calm
doomgaze,10042,88,Deep/Acoustic
black thrash,10018,129,Deep/Acoustic
folklore peruano,14810,939,Atmospheric/Calm
dutch singer-songwriter,14278,721,Atmospheric/Calm
chinese manyao,4148,905,Atmospheric/Calm
louisville indie,11144,435,Atmospheric/Calm
nerdcore,6575,1011,Atmospheric/Calm
london indie,7866,506,Atmospheric/Calm
orlando indie,8836,458,Atmospheric/Calm
zikir,17488,642,Atmospheric/Calm
brazilian thrash metal,10036,268,Deep/Acoustic
brazilian punk rock,7903,321,Deep/Acoustic
stride,20351,1051,Atmospheric/Calm
contemporary gospel,11722,670,Atmospheric/Calm
tech trance,862,627,Atmospheric/Calm
harpsichord,18915,400,Atmospheric/Calm
trap metal italiana,7066,767,Atmospheric/Calm
reggae catala,5575,913,Atmospheric/Calm
classic japanese jazz,14847,736,Atmospheric/Calm
turkce remix,2399,1164,Atmospheric/Calm
synth punk,5729,479,Atmospheric/Calm
musica andina chilena,15361,813,Atmospheric/Calm
telugu folk,10845,984,Atmospheric/Calm
neo-progressive,10880,300,Deep/Acoustic
canzone genovese,17412,591,Atmospheric/Calm
tin pan alley,20193,899,Atmospheric/Calm
japanese math rock,8038,475,Atmospheric/Calm
italian power metal,5168,216,Deep/Acoustic
jump blues,17884,973,Atmospheric/Calm
west coast trap,7596,1077,Atmospheric/Calm
calypso,17095,837,Atmospheric/Calm
ethiopian pop,8778,864,Atmospheric/Calm
new england americana,14303,599,Atmospheric/Calm
renaissance,21852,244,Deep/Acoustic
morna,12573,903,Atmospheric/Calm
rabindra sangeet,19082,561,Atmospheric/Calm
avant-garde metal,10452,220,Deep/Acoustic
sgija,1110,1345,Atmospheric/Calm
gbvfi,11259,400,Atmospheric/Calm
desert blues,12823,921,Atmospheric/Calm
musique urbaine kinshasa,12338,990,Atmospheric/Calm
german post-hardcore,4354,232,Deep/Acoustic
argentine ambient,16173,325,Deep/Acoustic
mashup,2776,837,Atmospheric/Calm
afrobeat brasileiro,8198,927,Atmospheric/Calm
space ambient,11417,312,Deep/Acoustic
classic nepali pop,14925,447,Atmospheric/Calm
swiss metal,6185,203,Deep/Acoustic
rap motywacja,6615,1090,Atmospheric/Calm
modern ska punk,6641,607,Atmospheric/Calm
arabic jazz,15705,726,Atmospheric/Calm
french worship,12019,486,Atmospheric/Calm
welsh indie,9811,441,Atmospheric/Calm
anarcho-punk,11051,302,Deep/Acoustic
antilliaanse rap,7347,1117,Atmospheric/Calm
rebetiko,17008,866,Atmospheric/Calm
spacewave,2791,521,Atmospheric/Calm
japanese rockabilly,6990,486,Atmospheric/Calm
glasgow indie,6382,396,Deep/Acoustic
jazz trombone,19428,858,Atmospheric/Calm
dark hardcore,2265,406,Atmospheric/Calm
canadian indie folk,14390,510,Atmospheric/Calm
sevillanas,12947,799,Atmospheric/Calm
hard alternative,4325,242,Deep/Acoustic
toronto rap,6729,1081,Atmospheric/Calm
japanese jazz fusion,9676,705,Atmospheric/Calm
kasi rap,7546,1015,Atmospheric/Calm
russian alternative rock,7792,479,Atmospheric/Calm
asheville indie,10892,694,Atmospheric/Calm
forro tradicional,10907,917,Atmospheric/Calm
528hz,19755,85,Deep/Acoustic
kabyle,8323,819,Atmospheric/Calm
german show tunes,14810,542,Atmospheric/Calm
musik anak-anak,7483,943,Atmospheric/Calm
cowpunk,10232,433,Atmospheric/Calm
kannada pop,11004,858,Atmospheric/Calm
nu skool breaks,1552,1025,Atmospheric/Calm
necrotrap,5603,760,Atmospheric/Calm
chanson humoristique,17592,1068,Atmospheric/Calm
plugg francais,6818,1011,Atmospheric/Calm
classical guitar,21946,866,Atmospheric/Calm
german jazz,17692,724,Atmospheric/Calm
cedm,3887,697,Atmospheric/Calm
porro,12041,1125,Atmospheric/Calm
plena uruguaya,13378,979,Atmospheric/Calm
trap maroc,7273,1017,Atmospheric/Calm
lo-fi latino,13108,1064,Atmospheric/Calm
rap angolano,11803,1011,Atmospheric/Calm
musica nicaraguense,12178,907,Atmospheric/Calm
carimbo,7780,858,Atmospheric/Calm
melanesian pop,4508,1000,Atmospheric/Calm
taiwan punk,4500,321,Deep/Acoustic
balochi pop,10885,891,Atmospheric/Calm
egg punk,8026,464,Atmospheric/Calm
estonian pop,6568,713,Atmospheric/Calm
rogaland musikk,11007,607,Atmospheric/Calm
popgaze,10599,312,Deep/Acoustic
italian folk metal,5214,220,Deep/Acoustic
danish modern jazz,15386,777,Atmospheric/Calm
russian metalcore,4471,234,Deep/Acoustic
ecuadorian indie,8174,700,Atmospheric/Calm
irish indie rock,7448,370,Deep/Acoustic
rap criolo,12227,1058,Atmospheric/Calm
american post-punk,7397,390,Deep/Acoustic
indie cordoba,10538,772,Atmospheric/Calm
nordic folk,15196,469,Atmospheric/Calm
socal indie,10539,425,Atmospheric/Calm
metal mineiro,10515,238,Deep/Acoustic
fussball,10295,899,Atmospheric/Calm
anime drill,5731,1081,Atmospheric/Calm
japanese jazztronica,5760,851,Atmospheric/Calm
nordic folk metal,5480,198,Deep/Acoustic
brazilian progressive metal,6555,220,Deep/Acoustic
vancouver punk,8395,292,Deep/Acoustic
oi,9094,304,Deep/Acoustic
children's story,18001,851,Atmospheric/Calm
arab folk,18757,618,Atmospheric/Calm
streektaal,12166,663,Atmospheric/Calm
bulgarian trap,3025,1221,Atmospheric/Calm
belgian singer-songwriter,17254,736,Atmospheric/Calm
queer country,13404,581,Atmospheric/Calm
indie curitibano,9688,741,Atmospheric/Calm
chinese indie rock,7918,471,Atmospheric/Calm
kyrgyz hip hop,7667,1062,Atmospheric/Calm
italian progressive rock,13676,420,Atmospheric/Calm
cuatro venezolano,15442,1005,Atmospheric/Calm
vgm instrumental,15033,711,Atmospheric/Calm
seemannslieder,16289,716,Atmospheric/Calm
suomirap,8322,1055,Atmospheric/Calm
k-pop reality show,3448,718,Atmospheric/Calm
rap italiano old school,9102,1049,Atmospheric/Calm
finnish classical,22036,198,Deep/Acoustic
underground rap,10345,1017,Atmospheric/Calm
hyperpop brasileiro,5867,901,Atmospheric/Calm
mexican metal,8613,251,Deep/Acoustic
musica sarda,14688,642,Atmospheric/Calm
men chika,2645,499,Atmospheric/Calm
manso indie,9599,601,Atmospheric/Calm
russian indie rock,5717,559,Atmospheric/Calm
danish indie pop,11982,510,Atmospheric/Calm
kundiman,16075,506,Atmospheric/Calm
dungeon synth,13267,145,Deep/Acoustic
sinhala indie,10526,779,Atmospheric/Calm
frankfurt electronic,789,1235,Atmospheric/Calm
nashville americana,12783,627,Atmospheric/Calm
malaysian tamil pop,5388,996,Atmospheric/Calm
balkan brass,9282,874,Atmospheric/Calm
metal guitar,8911,321,Deep/Acoustic
polish post-punk,7643,526,Atmospheric/Calm
hip hop cubano,12809,1082,Atmospheric/Calm
mbalax,12861,923,Atmospheric/Calm
boy pop,8546,777,Atmospheric/Calm
tekno,1198,965,Atmospheric/Calm
vintage dutch pop,14823,689,Atmospheric/Calm
goregrind,10843,165,Deep/Acoustic
czsk viral pop,5301,1023,Atmospheric/Calm
brazilian groove metal,10208,312,Deep/Acoustic
gainesville indie,9872,462,Atmospheric/Calm
bolero cubano,18147,889,Atmospheric/Calm
classic greek rock,11710,633,Atmospheric/Calm
latvian pop,7483,726,Atmospheric/Calm
ritmo kombina,7005,1103,Atmospheric/Calm
nz electronic,2553,986,Atmospheric/Calm
persian electronic,3473,1049,Atmospheric/Calm
spanish classical,22092,609,Atmospheric/Calm
dayton indie,10843,366,Deep/Acoustic
electro-industrial,1593,646,Atmospheric/Calm
irish indie,12338,524,Atmospheric/Calm
japanese power metal,5651,170,Deep/Acoustic
bayerischer rap,8552,1108,Atmospheric/Calm
argentine indie rock,7930,372,Deep/Acoustic
soulful house,994,1258,Atmospheric/Calm
turkce trap metal,4775,834,Atmospheric/Calm
keroncong,11581,604,Atmospheric/Calm
progressive death metal,9737,185,Deep/Acoustic
mallsoft,9807,578,Atmospheric/Calm
elephant 6,11624,449,Atmospheric/Calm
israeli trap,8076,1007,Atmospheric/Calm
bulgarian hip hop,4442,1125,Atmospheric/Calm
man's orchestra,18819,689,Atmospheric/Calm
ulkucu sarkilar,13470,716,Atmospheric/Calm
marathi traditional,15851,824,Atmospheric/Calm
avant-garde jazz,18206,729,Atmospheric/Calm
folklore paraguayo,14107,891,Atmospheric/Calm
world chill,5842,751,Atmospheric/Calm
indie shoegaze,7334,158,Deep/Acoustic
spanish invasion,15287,694,Atmospheric/Calm
south african deep house,1146,1282,Atmospheric/Calm
cambridgeshire indie,11796,462,Atmospheric/Calm
merengue tipico,13249,1082,Atmospheric/Calm
bali indie,8099,418,Atmospheric/Calm
country quebecois,10552,615,Atmospheric/Calm
tropical tecladista,2859,1194,Atmospheric/Calm
chicago pop punk,5553,292,Deep/Acoustic
ska jazz,11353,1084,Atmospheric/Calm
gothabilly,7854,344,Deep/Acoustic
japanese celtic,10403,331,Deep/Acoustic
cristiana para ninos,10105,813,Atmospheric/Calm
nova canco,18060,760,Atmospheric/Calm
north carolina emo,6766,292,Deep/Acoustic
german boom bap,9854,1130,Atmospheric/Calm
post-post-hardcore,4191,203,Deep/Acoustic
t-pop girl group,2845,744,Atmospheric/Calm
drill and bass,5289,810,Atmospheric/Calm
avant-garde,21267,356,Deep/Acoustic
canadian house,1343,1268,Atmospheric/Calm
jamaican ska,12029,1134,Atmospheric/Calm
huayno popular,13287,911,Atmospheric/Calm
accordion,15576,817,Atmospheric/Calm
louvores pentecostais,11467,571,Atmospheric/Calm
swedish electronic,1306,1191,Atmospheric/Calm
mega funk,3010,1275,Atmospheric/Calm
belgian dnb,1663,1135,Atmospheric/Calm
french dub,2777,1023,Atmospheric/Calm
funky breaks,1636,1150,Atmospheric/Calm
vietnamese bolero,13059,542,Atmospheric/Calm
slovak trap,5412,1034,Atmospheric/Calm
vaqueiro,11142,1002,Atmospheric/Calm
rosary,17154,360,Deep/Acoustic
cueca chilena,12998,760,Atmospheric/Calm
new orleans funk,13286,1021,Atmospheric/Calm
new wave of thrash metal,7088,242,Deep/Acoustic
latin tech house,0,1426,Hyper/Electronic
classic anime,7569,563,Atmospheric/Calm
cambodian pop,8952,788,Atmospheric/Calm
christchurch indie,9586,469,Atmospheric/Calm
czech singer-songwriter,15473,799,Atmospheric/Calm
electronic djent,4676,285,Deep/Acoustic
british orchestra,19258,251,Deep/Acoustic
japanese post-rock,11198,382,Deep/Acoustic
danish indie,9291,556,Atmospheric/Calm
industrial pop,2630,561,Atmospheric/Calm
rap inde,12611,1045,Atmospheric/Calm
space rock,11308,339,Deep/Acoustic
sudanese hip hop,8952,1103,Atmospheric/Calm
fallen angel,5639,218,Deep/Acoustic
early reggae,9028,1200,Atmospheric/Calm
folclor afrocolombiano,12784,1094,Atmospheric/Calm
family gospel,13515,537,Atmospheric/Calm
deep dnb,1876,1099,Atmospheric/Calm
ethio-jazz,13776,756,Atmospheric/Calm
belarusian pop,5615,765,Atmospheric/Calm
proto-techno,5126,872,Atmospheric/Calm
congolese gospel,11130,744,Atmospheric/Calm
gengetone,8102,1110,Atmospheric/Calm
italian jazz,18469,729,Atmospheric/Calm
hokkien pop,11593,559,Atmospheric/Calm
pop cristiano,7556,506,Atmospheric/Calm
progressive power metal,5866,247,Deep/Acoustic
dutch dnb,2253,925,Atmospheric/Calm
tipico,13363,959,Atmospheric/Calm
medieval,21316,306,Deep/Acoustic
voidgaze,10575,34,Deep/Acoustic
kizomba antigas,3062,1055,Atmospheric/Calm
experimental folk,16114,348,Deep/Acoustic
full on,731,1007,Atmospheric/Calm
thai ost,9908,729,Atmospheric/Calm
icelandic folk,14589,663,Atmospheric/Calm
swedish doom metal,9451,169,Deep/Acoustic
greek metal,6493,212,Deep/Acoustic
folklore nuevo argentino,14601,897,Atmospheric/Calm
tamborazo,11329,973,Atmospheric/Calm
cincinnati rap,6514,1060,Atmospheric/Calm
mappila paattu,8552,895,Atmospheric/Calm
hard techno,468,1119,Unknown
classic finnish rock,12265,686,Atmospheric/Calm
folclore tucumano,17680,907,Atmospheric/Calm
lds instrumental,20760,327,Deep/Acoustic
bajki,17341,797,Atmospheric/Calm
romanian rock,7360,596,Atmospheric/Calm
post-doom metal,11490,127,Deep/Acoustic
cumbia boliviana,7396,937,Atmospheric/Calm
son cubano,16803,1088,Atmospheric/Calm
c86,8124,406,Atmospheric/Calm
modern funk,5855,955,Atmospheric/Calm
irish electronic,1909,1053,Atmospheric/Calm
indie dream pop,7955,454,Atmospheric/Calm
tamil worship,10436,797,Atmospheric/Calm
neru,19667,225,Deep/Acoustic
persian rock,10450,601,Atmospheric/Calm
danish electropop,5063,830,Atmospheric/Calm
depressive black metal,11234,66,Deep/Acoustic
norwegian folk rock,11685,488,Atmospheric/Calm
old-time,19404,953,Atmospheric/Calm
irish pub song,16248,795,Atmospheric/Calm
autonomous black metal,11014,80,Deep/Acoustic
football,13862,591,Atmospheric/Calm
j-core,1870,479,Atmospheric/Calm
dublin indie,9340,422,Atmospheric/Calm
korean electropop,6630,731,Atmospheric/Calm
nz singer-songwriter,12998,554,Atmospheric/Calm
rap liegeois,10469,1077,Atmospheric/Calm
instrumental djent,3711,274,Deep/Acoustic
zamba,18936,1058,Atmospheric/Calm
danish jazz,17780,731,Atmospheric/Calm
choral,21864,147,Deep/Acoustic
pop ambient,7161,724,Atmospheric/Calm
downtempo deathcore,6715,249,Deep/Acoustic
turkish punk,8261,488,Atmospheric/Calm
puerto rican folk,15119,994,Atmospheric/Calm
coupe-decale,5313,1043,Atmospheric/Calm
traditional soul,12609,810,Atmospheric/Calm
australian metal,8037,176,Deep/Acoustic
german heavy metal,5358,258,Deep/Acoustic
old west,14699,887,Atmospheric/Calm
ilahiler,15233,599,Atmospheric/Calm
crust punk,10575,198,Deep/Acoustic
operetta,21486,524,Atmospheric/Calm
musica santomense,5908,996,Atmospheric/Calm
classic sinhala pop,11679,834,Atmospheric/Calm
black punk,8693,396,Deep/Acoustic
sydney indie,7485,382,Deep/Acoustic
phleng phuea chiwit,10184,767,Atmospheric/Calm
adoracion,10016,596,Atmospheric/Calm
irish post-punk,7719,350,Deep/Acoustic
slovak punk,8063,517,Atmospheric/Calm
semba,8876,971,Atmospheric/Calm
commons,12909,503,Atmospheric/Calm
okc indie,10012,414,Atmospheric/Calm
zen,18920,136,Deep/Acoustic
musica ayacuchana,14168,1007,Atmospheric/Calm
finnish punk,9587,337,Deep/Acoustic
kc indie,9758,473,Atmospheric/Calm
ska espanol,5448,774,Atmospheric/Calm
yaoi,5541,477,Atmospheric/Calm
hard trance,1140,837,Atmospheric/Calm
melodic hard rock,4087,264,Deep/Acoustic
coral gospel,12623,388,Deep/Acoustic
nz indie,9132,460,Atmospheric/Calm
rap kreyol,9743,1070,Atmospheric/Calm
garage house,889,1238,Atmospheric/Calm
gqom,1084,1221,Atmospheric/Calm
jazz mexicano,15110,788,Atmospheric/Calm
uk dub,2631,1217,Atmospheric/Calm
turin indie,8162,526,Atmospheric/Calm
psychokore,6133,996,Atmospheric/Calm
indonesian indie pop,8497,528,Atmospheric/Calm
svensk progg,14192,724,Atmospheric/Calm
thai pop rap,10599,1002,Atmospheric/Calm
forro gospel,7716,911,Atmospheric/Calm
munich indie,8030,670,Atmospheric/Calm
ugandan pop,6550,1084,Atmospheric/Calm
kizomba cabo-verdiana,3001,1026,Atmospheric/Calm
sichuanese hip hop,5351,1070,Atmospheric/Calm
modern old-time,15605,781,Atmospheric/Calm
canadian modern jazz,17329,729,Atmospheric/Calm
musique guadeloupe,5040,1032,Atmospheric/Calm
swedish black metal,9807,62,Deep/Acoustic
cypriot pop,10798,692,Atmospheric/Calm
vancouver metal,8013,229,Deep/Acoustic
jazz clarinet,19341,969,Atmospheric/Calm
finnish hard rock,4939,274,Deep/Acoustic
musica tabasquena,8470,1175,Atmospheric/Calm
audiophile vocal,17534,781,Atmospheric/Calm
modular synth,12921,473,Atmospheric/Calm
arunachal indie,8236,872,Atmospheric/Calm
slow game,6265,1000,Atmospheric/Calm
polish blues,10855,663,Atmospheric/Calm
krautrock,12611,460,Atmospheric/Calm
nwocr,5406,287,Deep/Acoustic
nagpuri pop,7054,866,Atmospheric/Calm
japanese underground rap,9895,990,Atmospheric/Calm
omaha indie,10994,484,Atmospheric/Calm
tunisian pop,8037,793,Atmospheric/Calm
vintage tango,20544,961,Atmospheric/Calm
folkmusik,17358,561,Atmospheric/Calm
palestinian pop,11919,804,Atmospheric/Calm
viola caipira,15897,887,Atmospheric/Calm
dutch indie rock,8444,441,Atmospheric/Calm
korean underground rap,8458,1103,Atmospheric/Calm
outsider,15442,583,Atmospheric/Calm
modern jungle,2190,1013,Atmospheric/Calm
musica para criancas,13969,984,Atmospheric/Calm
israeli indie,9727,621,Atmospheric/Calm
musica capixaba,8576,843,Atmospheric/Calm
symphonic death metal,6260,138,Deep/Acoustic
connecticut hardcore,9364,292,Deep/Acoustic
canadian garage rock,10415,386,Deep/Acoustic
lagu sunda,8211,783,Atmospheric/Calm
musica jalisciense,11643,951,Atmospheric/Calm
kyushu indie,8457,526,Atmospheric/Calm
ukrainian folk rock,6653,683,Atmospheric/Calm
rumeli turkuleri,14021,633,Atmospheric/Calm
library music,15868,667,Atmospheric/Calm
modern uplift,5097,414,Atmospheric/Calm
midwest americana,13244,554,Atmospheric/Calm
german country,9871,797,Atmospheric/Calm
musica sudcaliforniana,13709,1000,Atmospheric/Calm
tulsa indie,7497,447,Atmospheric/Calm
gypsy punk,8625,726,Atmospheric/Calm
vietnamese pop,13688,490,Atmospheric/Calm
rock alternatif francais,7829,339,Deep/Acoustic
dalarna indie,10245,427,Atmospheric/Calm
british contemporary classical,21425,306,Deep/Acoustic
miami indie,7299,490,Atmospheric/Calm
outsider house,3887,915,Atmospheric/Calm
draga,2951,1000,Atmospheric/Calm
buffalo ny metal,10539,227,Deep/Acoustic
victorian britain,21742,212,Deep/Acoustic
ukrainian post-punk,5026,484,Atmospheric/Calm
oshare kei,4179,325,Deep/Acoustic
swedish synth,2148,777,Atmospheric/Calm
french punk,6591,400,Atmospheric/Calm
nephop,8224,1099,Atmospheric/Calm
heavy alternative,3828,266,Deep/Acoustic
deep german indie,8249,593,Atmospheric/Calm
thai bl ost,8940,748,Atmospheric/Calm
symfonicky orchestr,18966,187,Deep/Acoustic
rap capixaba,10033,1056,Atmospheric/Calm
neue deutsche todeskunst,4383,431,Atmospheric/Calm
rock chapin,7323,535,Atmospheric/Calm
brazilian hardcore,8996,285,Deep/Acoustic
reggae peruano,6691,1028,Atmospheric/Calm
modern goth,2645,380,Deep/Acoustic
native american flute,20505,352,Deep/Acoustic
aussie emo,7472,302,Deep/Acoustic
okinawan folk,10411,667,Atmospheric/Calm
greek house,1084,1254,Atmospheric/Calm
dutch trap,7839,1132,Atmospheric/Calm
cover acustico,13590,897,Atmospheric/Calm
classic icelandic pop,11796,736,Atmospheric/Calm
blaskapelle,19696,777,Atmospheric/Calm
hiplife,4630,1135,Atmospheric/Calm
funana,3522,1106,Atmospheric/Calm
atlanta punk,8632,296,Deep/Acoustic
uk worship,9810,350,Deep/Acoustic
blasmusik,19462,808,Atmospheric/Calm
granada indie,7100,427,Atmospheric/Calm
mandolin,15693,860,Atmospheric/Calm
zimdancehall,9479,1030,Atmospheric/Calm
hardtekk,1367,1101,Atmospheric/Calm
swedish punk,9439,317,Deep/Acoustic
mestissatge,4383,868,Atmospheric/Calm
funk evangelico,5655,1053,Atmospheric/Calm
salsa urbana,8665,1045,Atmospheric/Calm
musica madeirense,11931,777,Atmospheric/Calm
musica crista reformada,13318,460,Atmospheric/Calm
finnish indie,8650,621,Atmospheric/Calm
british country,10895,549,Atmospheric/Calm
tibetan pop,14217,808,Atmospheric/Calm
bleep techno,2611,1075,Atmospheric/Calm
trondersk musikk,8436,604,Atmospheric/Calm
atmospheric dnb,2948,851,Atmospheric/Calm
nordic post-rock,11600,170,Deep/Acoustic
dusseldorf electronic,2411,1132,Atmospheric/Calm
musiikkia lapsille,13983,893,Atmospheric/Calm
corrosion,3912,287,Deep/Acoustic
baiao,14897,845,Atmospheric/Calm
hungarian folk,13945,808,Atmospheric/Calm
chinese traditional,19345,181,Deep/Acoustic
beat italiano,12363,481,Atmospheric/Calm
chamame,13913,1007,Atmospheric/Calm
traditional folk,19930,994,Atmospheric/Calm
persian melodic rap,8397,955,Atmospheric/Calm
canterbury scene,13800,420,Atmospheric/Calm
pop costarricense,10758,1036,Atmospheric/Calm
croatian hip hop,7261,1040,Atmospheric/Calm
musica tropical guatemalteca,8409,1126,Atmospheric/Calm
glitch pop,7694,760,Atmospheric/Calm
persian alternative,13297,639,Atmospheric/Calm
rap paranaense,9492,1025,Atmospheric/Calm
duluth indie,14032,499,Atmospheric/Calm
russian synthpop,2833,772,Atmospheric/Calm
samurai trap,3026,903,Atmospheric/Calm
japanese vocal jazz,16927,790,Atmospheric/Calm
grimewave,4062,939,Atmospheric/Calm
russian trance,1812,501,Atmospheric/Calm
trival,2871,1189,Atmospheric/Calm
slovenian pop,8922,642,Atmospheric/Calm
coco,12116,1030,Atmospheric/Calm
technical groove metal,6236,260,Deep/Acoustic
austrian hip hop,10734,1005,Atmospheric/Calm
swing italiano,16845,1023,Atmospheric/Calm
dark progressive house,438,1233,Unknown
scouse rap,9817,1130,Atmospheric/Calm
vaportrap,6665,650,Atmospheric/Calm
hammond organ,14662,893,Atmospheric/Calm
maimouna,9780,1040,Atmospheric/Calm
japanese contemporary classical,20305,370,Deep/Acoustic
dissonant death metal,11685,94,Deep/Acoustic
shimmer psych,11551,447,Atmospheric/Calm
gothic americana,12973,488,Atmospheric/Calm
experimental house,2387,1084,Atmospheric/Calm
deep adult standards,18352,686,Atmospheric/Calm
japanese guitar,17008,937,Atmospheric/Calm
andean flute,12675,724,Atmospheric/Calm
marathi devotional,12986,824,Atmospheric/Calm
trio huasteco,15522,917,Atmospheric/Calm
austin hip hop,9455,1017,Atmospheric/Calm
mecha,9798,402,Atmospheric/Calm
instrumental stoner rock,11490,312,Deep/Acoustic
pinoy alternative rock,10748,554,Atmospheric/Calm
instrumental surf,11649,433,Atmospheric/Calm
ghanaian gospel,9737,744,Atmospheric/Calm
swamp pop,13801,804,Atmospheric/Calm
brass band pop,11766,864,Atmospheric/Calm
haitian gospel,11095,599,Atmospheric/Calm
deep latin alternative,8298,718,Atmospheric/Calm
munich electronic,1232,1254,Atmospheric/Calm
432hz,19492,270,Deep/Acoustic
kentucky punk,10110,255,Deep/Acoustic
naat,16920,674,Atmospheric/Calm
musica istmena,11992,1094,Atmospheric/Calm
german indie pop,5579,756,Atmospheric/Calm
telugu indie,7273,919,Atmospheric/Calm
russian plugg,5424,939,Atmospheric/Calm
neapolitan funk,5400,1013,Atmospheric/Calm
austrian indie,8689,713,Atmospheric/Calm
deep techno,902,1256,Atmospheric/Calm
bath indie,12068,497,Atmospheric/Calm
icelandic electronic,4834,821,Atmospheric/Calm
modern cello,17797,272,Deep/Acoustic
eugene indie,11430,492,Atmospheric/Calm
plunderphonics,10135,753,Atmospheric/Calm
musica andina colombiana,13733,1056,Atmospheric/Calm
spanish reggae,5781,1105,Atmospheric/Calm
dark jazz,13947,370,Deep/Acoustic
mongolian alternative,8533,556,Atmospheric/Calm
rennes indie,9844,804,Atmospheric/Calm
long island punk,9488,268,Deep/Acoustic
christian hardcore,9725,279,Deep/Acoustic
kora,16160,949,Atmospheric/Calm
jazz metal,10428,308,Deep/Acoustic
canadian hardcore,9181,199,Deep/Acoustic
spanish folk rock,10399,586,Atmospheric/Calm
manitoba indie,11539,547,Atmospheric/Calm
balkan drill,6158,1005,Atmospheric/Calm
freeform hardcore,1812,700,Atmospheric/Calm
technical thrash,9376,214,Deep/Acoustic
48g,2382,354,Deep/Acoustic
bass music,1552,1148,Atmospheric/Calm
denton tx indie,10501,396,Deep/Acoustic
nz children's music,13339,1030,Atmospheric/Calm
drone folk,17400,578,Atmospheric/Calm
german thrash metal,7297,209,Deep/Acoustic
zillertal,8397,868,Atmospheric/Calm
latvian hip hop,7729,1049,Atmospheric/Calm
greek downtempo,3632,951,Atmospheric/Calm
eventyr,15809,1273,Atmospheric/Calm
emo punk,10337,339,Deep/Acoustic
russian folk,19608,530,Atmospheric/Calm
retro metal,11027,234,Deep/Acoustic
post-black metal,10624,50,Deep/Acoustic
japanese blues,12277,692,Atmospheric/Calm
piedmont blues,20030,1079,Atmospheric/Calm
vintage hollywood,20982,779,Atmospheric/Calm
ambient psychill,3286,726,Atmospheric/Calm
kentucky metal,10306,210,Deep/Acoustic
singeli,5747,955,Atmospheric/Calm
choro,18235,901,Atmospheric/Calm
swiss house,205,1379,Hyper/Electronic
nordnorsk musikk,12227,655,Atmospheric/Calm
nova musica paulista,11230,864,Atmospheric/Calm
string duo,18581,360,Deep/Acoustic
indian underground rap,9225,1106,Atmospheric/Calm
nuevo flamenco,14180,921,Atmospheric/Calm
armenian pop,7793,795,Atmospheric/Calm
indy indie,12093,486,Atmospheric/Calm
brazilian power metal,5953,214,Deep/Acoustic
musica indigena latinoamericana,13454,913,Atmospheric/Calm
breakcore,4237,783,Atmospheric/Calm
new orleans soul,14859,945,Atmospheric/Calm
korean indie folk,15183,746,Atmospheric/Calm
deathrock,6407,317,Deep/Acoustic
lagu bali,8703,854,Atmospheric/Calm
classic dutch pop,8509,705,Atmospheric/Calm
jazz double bass,18686,795,Atmospheric/Calm
modern enka,12510,400,Atmospheric/Calm
amharic pop,7078,901,Atmospheric/Calm
south african choral,16978,670,Atmospheric/Calm
indie emo,8812,497,Atmospheric/Calm
russian trap metal,5186,756,Atmospheric/Calm
gothic black metal,6928,167,Deep/Acoustic
emo trap italiana,6965,806,Atmospheric/Calm
musica baiana,11354,889,Atmospheric/Calm
turkish metal,6802,339,Deep/Acoustic
swing revival,14490,917,Atmospheric/Calm
deep christian rock,9131,566,Atmospheric/Calm
indonesian psychedelia,9896,593,Atmospheric/Calm
swedish house,1391,1217,Atmospheric/Calm
rumba catalana,12673,1017,Atmospheric/Calm
jazz drums,17909,887,Atmospheric/Calm
pittsburgh rock,9094,410,Atmospheric/Calm
musica eletronica gospel,2936,744,Atmospheric/Calm
phoenix indie,7988,433,Atmospheric/Calm
spanish post-punk,6162,341,Deep/Acoustic
charlotte nc indie,9599,435,Atmospheric/Calm
darkstep,1987,808,Atmospheric/Calm
multidisciplinary,11406,586,Atmospheric/Calm
ambient post-rock,14757,133,Deep/Acoustic
kaneka,5880,929,Atmospheric/Calm
connecticut indie,11722,466,Atmospheric/Calm
arab groove,11255,834,Atmospheric/Calm
charanga,15534,1013,Atmospheric/Calm
kolkata indie,9994,663,Atmospheric/Calm
cantautor catala,14625,689,Atmospheric/Calm
tampa indie,8297,378,Deep/Acoustic
dutch prog,12154,503,Atmospheric/Calm
geek rock,8538,849,Atmospheric/Calm
seinen,6166,621,Atmospheric/Calm
rhode island indie,10868,460,Atmospheric/Calm
denver indie,10662,484,Atmospheric/Calm
spanish noise pop,6506,358,Deep/Acoustic
german indie rock,6432,473,Atmospheric/Calm
virginia punk,10281,268,Deep/Acoustic
italian trance,964,881,Atmospheric/Calm
rap ivoire,9817,1045,Atmospheric/Calm
vocal trance,2438,578,Atmospheric/Calm
jackin' house,640,1296,Atmospheric/Calm
speed house,2229,901,Atmospheric/Calm
indie valenciana,7051,464,Atmospheric/Calm
warm drone,18118,80,Deep/Acoustic
villancicos,14340,677,Atmospheric/Calm
sepedi pop,4571,986,Atmospheric/Calm
reggae maghreb,7864,885,Atmospheric/Calm
igbo rap,11778,1077,Atmospheric/Calm
deep funk ostentacao,6604,1284,Atmospheric/Calm
bard,17212,881,Atmospheric/Calm
swamp blues,14119,917,Atmospheric/Calm
vermont indie,13466,561,Atmospheric/Calm
musica feirense,10533,977,Atmospheric/Calm
new mexico music,12030,868,Atmospheric/Calm
zilizopendwa,12847,965,Atmospheric/Calm
indie rock peruano,6717,431,Atmospheric/Calm
folklore chileno,14774,897,Atmospheric/Calm
deep soft rock,9957,731,Atmospheric/Calm
tamil devotional,17563,872,Atmospheric/Calm
korean trap,6096,1025,Atmospheric/Calm
japanese garage rock,10085,304,Deep/Acoustic
belarusian electronic,1146,1099,Atmospheric/Calm
musica quintanarroense,4236,967,Atmospheric/Calm
british dance band,20602,817,Atmospheric/Calm
jesus movement,13331,593,Atmospheric/Calm
deep norteno,10697,973,Atmospheric/Calm
alabama metal,7547,227,Deep/Acoustic
galician rock,6689,460,Atmospheric/Calm
deep soundtrack,17300,212,Deep/Acoustic
classic luk thung,13343,604,Atmospheric/Calm
indie siciliano,10843,667,Atmospheric/Calm
tatar pop,6178,718,Atmospheric/Calm
neo-pagan,13874,517,Atmospheric/Calm
leeds indie,7473,384,Deep/Acoustic
cincinnati indie,9020,394,Deep/Acoustic
oud,18819,815,Atmospheric/Calm
christian a cappella,16611,431,Atmospheric/Calm
twoubadou,9804,957,Atmospheric/Calm
deep happy hardcore,1630,765,Atmospheric/Calm
british black metal,9831,92,Deep/Acoustic
japanese dream pop,8681,429,Atmospheric/Calm
sambalpuri pop,12042,756,Atmospheric/Calm
lapland metal,4909,245,Deep/Acoustic
hungarian edm,1379,1292,Atmospheric/Calm
musica afroperuana,13745,1105,Atmospheric/Calm
nueva trova chilena,15839,806,Atmospheric/Calm
brisbane hip hop,7360,1041,Atmospheric/Calm
hexd,4267,542,Atmospheric/Calm
ambient techno,4997,837,Atmospheric/Calm
funk capixaba,6879,1284,Atmospheric/Calm
ai,13192,408,Atmospheric/Calm
vincy soca,2911,1073,Atmospheric/Calm
paraguayan rock,6259,578,Atmospheric/Calm
punk chileno,9267,344,Deep/Acoustic
kurdish remix,3857,923,Atmospheric/Calm
slovenian electronic,1953,1177,Atmospheric/Calm
kent indie,8558,604,Atmospheric/Calm
canadian indigenous music,10475,724,Atmospheric/Calm
persian underground hip hop,12079,937,Atmospheric/Calm
korean worship,14475,477,Atmospheric/Calm
jazz cubano,16832,959,Atmospheric/Calm
musica popular uruguaya,14229,862,Atmospheric/Calm
chant religieux,19141,300,Deep/Acoustic
bristol electronic,2765,1011,Atmospheric/Calm
classic hungarian pop,9155,748,Atmospheric/Calm
straight-ahead jazz,18844,862,Atmospheric/Calm
polish indie rock,6579,416,Atmospheric/Calm
british death metal,10867,138,Deep/Acoustic
telugu devotional,15058,929,Atmospheric/Calm
neo metal,5322,362,Deep/Acoustic
underground amapiano,1428,1313,Atmospheric/Calm
marimba orquesta,9418,1162,Atmospheric/Calm
cyber metal,2878,216,Deep/Acoustic
deep uplifting trance,1642,758,Atmospheric/Calm
dub techno,2951,1058,Atmospheric/Calm
neurostep,1882,901,Atmospheric/Calm
pinoy praise,12240,443,Atmospheric/Calm
portland punk,10575,321,Deep/Acoustic
new orleans indie,12425,475,Atmospheric/Calm
rare groove,11218,935,Atmospheric/Calm
acidcore,935,1019,Atmospheric/Calm
brazilian percussion,12899,1040,Atmospheric/Calm
wu fam,9357,988,Atmospheric/Calm
gyerekdalok,13565,1000,Atmospheric/Calm
hardstyle,2513,469,Atmospheric/Calm
ghettotech,1355,1313,Atmospheric/Calm
classic azeri pop,15517,544,Atmospheric/Calm
spiritual hip hop,9529,917,Atmospheric/Calm
skramz,11551,174,Deep/Acoustic
jazz worship,10652,680,Atmospheric/Calm
lagu bugis,5154,549,Atmospheric/Calm
polish black metal,9328,88,Deep/Acoustic
melodipop,5477,756,Atmospheric/Calm
nice indie,7286,499,Atmospheric/Calm
vienna indie,9049,586,Atmospheric/Calm
louvor icm,13607,422,Atmospheric/Calm
malayalam indie,10677,700,Atmospheric/Calm
sinhala rap,9369,1025,Atmospheric/Calm
rap femenino mexicano,7484,1110,Atmospheric/Calm
dub reggae,1593,1219,Atmospheric/Calm
fort worth indie,7631,431,Atmospheric/Calm
hamburg indie,8087,551,Atmospheric/Calm
indie cristao,11185,484,Atmospheric/Calm
waiata maori,11845,770,Atmospheric/Calm
classic romanian pop,2805,984,Atmospheric/Calm
ohio indie,11380,398,Deep/Acoustic
australian ska,7768,731,Atmospheric/Calm
vintage swedish pop,17108,854,Atmospheric/Calm
harp,19930,694,Atmospheric/Calm
portuguese indie,10227,601,Atmospheric/Calm
hindustani vocal,18761,464,Atmospheric/Calm
griot,12227,1002,Atmospheric/Calm
slack-key guitar,16903,797,Atmospheric/Calm
minimal dub,1306,1095,Atmospheric/Calm
musica mixteca,11489,1032,Atmospheric/Calm
gospel drill,9358,1121,Atmospheric/Calm
raboday,3256,1125,Atmospheric/Calm
neotango,7755,939,Atmospheric/Calm
taiwan campus folk,14888,443,Atmospheric/Calm
spanish folk,14648,618,Atmospheric/Calm
german literature,16365,1365,Atmospheric/Calm
danish post-punk,8358,279,Deep/Acoustic
german opera,22098,283,Deep/Acoustic
koligeet,11366,986,Atmospheric/Calm
alberta hip hop,7827,1079,Atmospheric/Calm
nz folk,13639,576,Atmospheric/Calm
campursari,8136,680,Atmospheric/Calm
welsh hip hop,6729,949,Atmospheric/Calm
pakistani rock,9205,540,Atmospheric/Calm
stockholm indie,8972,404,Atmospheric/Calm
powerviolence,11051,178,Deep/Acoustic
dark folk,15459,370,Deep/Acoustic
belarusian rock,6456,563,Atmospheric/Calm
chasidic pop,10195,604,Atmospheric/Calm
viral pop brasileiro,9656,1038,Atmospheric/Calm
funk mexicano,4208,909,Atmospheric/Calm
pennsylvania hardcore,11320,249,Deep/Acoustic
jordanian pop,8977,770,Atmospheric/Calm
gothenburg hip hop,10171,1045,Atmospheric/Calm
chinese classical piano,22309,471,Atmospheric/Calm
orquesta tipica,20339,998,Atmospheric/Calm
uyghur pop,13072,639,Atmospheric/Calm
taiwanese indie,8815,689,Atmospheric/Calm
sound art,16803,220,Deep/Acoustic
progressive doom,9525,158,Deep/Acoustic
lithuanian hip hop,5125,1094,Atmospheric/Calm
tinku,11894,866,Atmospheric/Calm
texas hardcore,9328,240,Deep/Acoustic
bangladeshi rock,7881,566,Atmospheric/Calm
charlottesville indie,11622,526,Atmospheric/Calm
musiqi-ye zanan,17095,588,Atmospheric/Calm
kazakh indie,7186,891,Atmospheric/Calm
schranz,624,992,Atmospheric/Calm
punk euskera,5594,420,Atmospheric/Calm
utah indie,10313,466,Atmospheric/Calm
spa,18644,126,Deep/Acoustic
beatboxing,5818,1051,Atmospheric/Calm
soviet synthpop,4822,864,Atmospheric/Calm
bay area hip hop,5236,1134,Atmospheric/Calm
western mass indie,11994,481,Atmospheric/Calm
swedish stoner rock,11332,258,Deep/Acoustic
dunedin indie,12191,456,Atmospheric/Calm
nl folk,11355,663,Atmospheric/Calm
melodic power metal,4221,231,Deep/Acoustic
beatdown,9971,331,Deep/Acoustic
miami metal,8717,231,Deep/Acoustic
novo rock gaucho,7805,431,Atmospheric/Calm
japanese heavy metal,7285,242,Deep/Acoustic
classic hungarian rock,10982,506,Atmospheric/Calm
norwegian alternative rock,9500,274,Deep/Acoustic
guinean pop,12029,1021,Atmospheric/Calm
pakistani electronic,2572,1002,Atmospheric/Calm
guided meditation,19475,156,Deep/Acoustic
birmingham indie,7568,433,Atmospheric/Calm
czech metal,6382,264,Deep/Acoustic
cape verdean folk,13884,849,Atmospheric/Calm
jazz organ,16306,870,Atmospheric/Calm
cinematic post-rock,11368,203,Deep/Acoustic
world meditation,18118,192,Deep/Acoustic
christian hard rock,4513,258,Deep/Acoustic
lexington ky indie,10868,683,Atmospheric/Calm
chinese talent show,8589,708,Atmospheric/Calm
vocaloid metal,3025,315,Deep/Acoustic
montenegrin pop,6421,806,Atmospheric/Calm
beats,3857,1119,Atmospheric/Calm
detroit house,1048,1266,Atmospheric/Calm
windsor on indie,7967,439,Atmospheric/Calm
german tech house,278,1422,Hyper/Electronic
histoire pour enfants,16423,1162,Atmospheric/Calm
black 'n' roll,9488,101,Deep/Acoustic
taiwan rock,5627,410,Atmospheric/Calm
rock keyboard,13355,544,Atmospheric/Calm
pop paraguayo,5772,913,Atmospheric/Calm
czech country,13908,713,Atmospheric/Calm
footwork,2599,1119,Atmospheric/Calm
smooth soul,5506,959,Atmospheric/Calm
west australian hip hop,9467,1023,Atmospheric/Calm
chinese classical performance,21743,376,Deep/Acoustic
experimental jazz,13084,581,Atmospheric/Calm
louisiana metal,11777,172,Deep/Acoustic
bouyon,4161,1108,Atmospheric/Calm
new orleans americana,14835,758,Atmospheric/Calm
ukrainian edm,1885,741,Atmospheric/Calm
bisaya rap,8990,1094,Atmospheric/Calm
dubsteppe,1318,1152,Atmospheric/Calm
tunantada,14143,913,Atmospheric/Calm
telugu worship,10751,741,Atmospheric/Calm
guatemalan pop,6717,982,Atmospheric/Calm
hamilton on indie,8873,549,Atmospheric/Calm
norsk lovsang,11044,435,Atmospheric/Calm
hyperpop italiano,6518,748,Atmospheric/Calm
maine indie,12685,521,Atmospheric/Calm
thai post-rock,9823,317,Deep/Acoustic
uk bass,2350,1144,Atmospheric/Calm
musica paraibana,10849,851,Atmospheric/Calm
progressive alternative,7707,344,Deep/Acoustic
musique militaire,20410,517,Atmospheric/Calm
tennessee metal,9267,196,Deep/Acoustic
venda pop,9319,986,Atmospheric/Calm
indie napoletano,10775,806,Atmospheric/Calm
college a cappella,13959,528,Atmospheric/Calm
melodic black metal,9254,94,Deep/Acoustic
american grindcore,11404,140,Deep/Acoustic
polish jazz,16891,793,Atmospheric/Calm
bhojpuri folk,12166,819,Atmospheric/Calm
exotica,17241,650,Atmospheric/Calm
nz christian,11331,443,Atmospheric/Calm
scottish techno,877,1155,Atmospheric/Calm
truck-driving country,13761,883,Atmospheric/Calm
synth prog,12734,429,Atmospheric/Calm
musica guerrerense,13540,1086,Atmospheric/Calm
bardcore,4645,821,Atmospheric/Calm
comedia,19053,1144,Atmospheric/Calm
experimental indie,11869,646,Atmospheric/Calm
epunk,8824,366,Deep/Acoustic
gospel rap,8000,1034,Atmospheric/Calm
neo-rockabilly,11692,777,Atmospheric/Calm
dancehall colombiano,4766,1205,Atmospheric/Calm
kenyan hip hop,7815,1128,Atmospheric/Calm
japanese indie folk,14761,633,Atmospheric/Calm
neofolk,11806,313,Deep/Acoustic
folclore jujeno,14637,917,Atmospheric/Calm
icelandic hip hop,4846,1045,Atmospheric/Calm
hungarian metal,5418,298,Deep/Acoustic
ghent indie,9676,618,Atmospheric/Calm
oulu metal,7039,160,Deep/Acoustic
dallas indie,9169,469,Atmospheric/Calm
bouzouki,15510,770,Atmospheric/Calm
jazzy dnb,1023,1128,Atmospheric/Calm
chinese audiophile,14712,581,Atmospheric/Calm
power blues-rock,10945,573,Atmospheric/Calm
polish electronica,4559,770,Atmospheric/Calm
canadian blues,12737,724,Atmospheric/Calm
british comedy,18381,1117,Atmospheric/Calm
afro house angolano,2995,1326,Atmospheric/Calm
musica cabo-verdiana,9883,868,Atmospheric/Calm
alt-idol,2615,443,Atmospheric/Calm
schweizer rap,7410,1117,Atmospheric/Calm
technical deathcore,7485,172,Deep/Acoustic
musica infantil catala,14082,990,Atmospheric/Calm
anglican liturgy,21767,136,Deep/Acoustic
lampung indie,7656,596,Atmospheric/Calm
afghan rap,6977,1121,Atmospheric/Calm
polish death metal,8577,133,Deep/Acoustic
sound effects,16173,158,Deep/Acoustic
piano mpb,17992,779,Atmospheric/Calm
scottish hush,11234,341,Deep/Acoustic
black comedy,18878,1075,Atmospheric/Calm
trance mexicano,1195,1157,Atmospheric/Calm
polca paraguaya,18013,897,Atmospheric/Calm
greek swing,13035,828,Atmospheric/Calm
japanese beats,12722,1002,Atmospheric/Calm
tamaulipas indie,5529,416,Atmospheric/Calm
cornetas y tambores,18890,515,Atmospheric/Calm
north moroccan rap,9983,1038,Atmospheric/Calm
voetbal,9439,556,Atmospheric/Calm
indonesian hardcore,8383,382,Deep/Acoustic
brisbane punk,8751,313,Deep/Acoustic
background jazz product,14613,694,Atmospheric/Calm
malawian pop,11203,1053,Atmospheric/Calm
dub brasileiro,3547,1159,Atmospheric/Calm
irish neo-traditional,15605,515,Atmospheric/Calm
italian gothic,6198,277,Deep/Acoustic
italian gothic metal,6161,185,Deep/Acoustic
musica catarinense,10562,817,Atmospheric/Calm
muzica etno,8690,1084,Atmospheric/Calm
spytrack,12511,756,Atmospheric/Calm
zcc,14537,535,Atmospheric/Calm
punk cover,3068,291,Deep/Acoustic
chinese worship,13738,429,Atmospheric/Calm
png pop,4471,887,Atmospheric/Calm
spanish indie folk,13183,554,Atmospheric/Calm
syrian hip hop,12387,1041,Atmospheric/Calm
guitarra andina,16348,1045,Atmospheric/Calm
lagu aceh,8716,806,Atmospheric/Calm
zambian hip hop,10796,1038,Atmospheric/Calm
gospel reggae,6879,992,Atmospheric/Calm
lebanese indie,11306,624,Atmospheric/Calm
tamil indie,9725,753,Atmospheric/Calm
ukulele,16102,1064,Atmospheric/Calm
dutch moombahton,2922,1214,Atmospheric/Calm
psychedelic folk rock,14081,571,Atmospheric/Calm
musica yucateca,17020,868,Atmospheric/Calm
polynesian hip hop,8188,1073,Atmospheric/Calm
cartoni animati,5097,837,Atmospheric/Calm
thall,4997,225,Deep/Acoustic
chakra,20193,95,Deep/Acoustic
charango,14786,961,Atmospheric/Calm
christian power metal,5541,210,Deep/Acoustic
british choir,21391,142,Deep/Acoustic
brazilian ska,5566,756,Atmospheric/Calm
raggatek,1576,915,Atmospheric/Calm
folklore venezolano,15926,947,Atmospheric/Calm
jain bhajan,15311,763,Atmospheric/Calm
slavic folk metal,6321,205,Deep/Acoustic
psychedelic punk,10968,317,Deep/Acoustic
ok indie,11673,530,Atmospheric/Calm
fan chant,18878,412,Atmospheric/Calm
detroit techno,1367,1193,Atmospheric/Calm
austin metal,8565,198,Deep/Acoustic
austrian dnb,2042,957,Atmospheric/Calm
grebo,5358,410,Atmospheric/Calm
bandoneon,20222,621,Atmospheric/Calm
austrian metal,6641,207,Deep/Acoustic
candomble,17767,705,Atmospheric/Calm
c-pop girl group,4530,692,Atmospheric/Calm
broken transmission,11894,484,Atmospheric/Calm
sunnlensk tonlist,9700,700,Atmospheric/Calm
ramonescore,5455,294,Deep/Acoustic
instrumental progressive metal,5517,262,Deep/Acoustic
musica bautista,17254,561,Atmospheric/Calm
sorani pop,12240,751,Atmospheric/Calm
north carolina metal,9798,214,Deep/Acoustic
action rock,7669,181,Deep/Acoustic
sci-fi metal,7112,152,Deep/Acoustic
mashcore,3390,646,Atmospheric/Calm
italo house,4793,860,Atmospheric/Calm
belgian indie rock,8481,398,Deep/Acoustic
alpine yodeling,8778,731,Atmospheric/Calm
turkish electronic,4099,895,Atmospheric/Calm
indie folk argentino,13376,826,Atmospheric/Calm
deep acoustic pop,11479,530,Atmospheric/Calm
trinidadian reggae,6109,1071,Atmospheric/Calm
lithuanian trap,4149,1148,Atmospheric/Calm
deep idm,6175,826,Atmospheric/Calm
cameroonian pop,11078,1011,Atmospheric/Calm
er ge,11901,990,Atmospheric/Calm
varmland rock,7285,396,Deep/Acoustic
chinese folk,12142,479,Atmospheric/Calm
afro-cuban percussion,16511,1056,Atmospheric/Calm
slam poetry,15663,1075,Atmospheric/Calm
samoan pop,6148,911,Atmospheric/Calm
musica evangelica instrumental,14860,372,Deep/Acoustic
bush ballad,15534,927,Atmospheric/Calm
atmospheric post-metal,10806,167,Deep/Acoustic
newfoundland indie,12400,508,Atmospheric/Calm
halftime dnb,3941,959,Atmospheric/Calm
romanian electronic,877,1349,Atmospheric/Calm
marimba de guatemala,10870,1139,Atmospheric/Calm
maithili,7876,845,Atmospheric/Calm
chamber folk,17020,469,Atmospheric/Calm
one-person band,10438,593,Atmospheric/Calm
slam death metal,9291,187,Deep/Acoustic
nwothm,7136,216,Deep/Acoustic
punk melodico chileno,8197,275,Deep/Acoustic
kurdish rock,11118,686,Atmospheric/Calm
rochester ny indie,11107,477,Atmospheric/Calm
czech folk rock,11881,726,Atmospheric/Calm
hard house,804,1021,Atmospheric/Calm
tanzanian hip hop,10518,1101,Atmospheric/Calm
xitsonga pop,3507,1180,Atmospheric/Calm
zambian pop,8113,925,Atmospheric/Calm
armenian hip hop,8915,1040,Atmospheric/Calm
spiritual jazz,17212,680,Atmospheric/Calm
austin rock,8552,341,Deep/Acoustic
york indie,9194,341,Deep/Acoustic
idaho indie,11283,410,Atmospheric/Calm
gambian hip hop,8372,1099,Atmospheric/Calm
deep ragga,5680,1193,Atmospheric/Calm
muzica crestina,12844,506,Atmospheric/Calm
musica duranguense,12911,1068,Atmospheric/Calm
caucasian classical,20965,342,Deep/Acoustic
carnaval limburg,7888,843,Atmospheric/Calm
visor,18995,862,Atmospheric/Calm
italian library music,14069,615,Atmospheric/Calm
quebec punk,6641,386,Deep/Acoustic
trap angolano,12924,1043,Atmospheric/Calm
post-disco soul,3444,1099,Atmospheric/Calm
oaxaca indie,10788,797,Atmospheric/Calm
boston hardcore,11259,236,Deep/Acoustic
danish techno,1564,1137,Atmospheric/Calm
greek fem rap,8778,1051,Atmospheric/Calm
vogue,2323,1117,Atmospheric/Calm
rock en asturiano,7658,456,Atmospheric/Calm
bomba y plena,14835,1023,Atmospheric/Calm
melbourne punk,9144,335,Deep/Acoustic
nuevo tango,19901,633,Atmospheric/Calm
german prog,10613,364,Deep/Acoustic
psych gaze,8730,196,Deep/Acoustic
corridos adictivos,13504,992,Atmospheric/Calm
tamazight,10348,911,Atmospheric/Calm
modern progressive rock,10465,313,Deep/Acoustic
british grindcore,11246,95,Deep/Acoustic
nordic contemporary classical,21669,223,Deep/Acoustic
vintage chanson,20614,821,Atmospheric/Calm
dc indie,9414,510,Atmospheric/Calm
polish prog,9700,368,Deep/Acoustic
berlin school,11161,392,Deep/Acoustic
uk82,10612,294,Deep/Acoustic
zim urban groove,12166,929,Atmospheric/Calm
moog,16139,581,Atmospheric/Calm
marathi remix,4296,854,Atmospheric/Calm
experimental electronic,8199,718,Atmospheric/Calm
polish synthpop,5696,593,Atmospheric/Calm
sinaloa indie,8924,501,Atmospheric/Calm
death 'n' roll,10073,176,Deep/Acoustic
persian traditional,19942,573,Atmospheric/Calm
hungarian underground rap,9793,1097,Atmospheric/Calm
ska catala,5658,843,Atmospheric/Calm
blues latinoamericano,11218,633,Atmospheric/Calm
makossa,8139,953,Atmospheric/Calm
afro-funk,9443,1036,Atmospheric/Calm
dansei seiyu,4530,481,Atmospheric/Calm
southampton indie,11268,471,Atmospheric/Calm
rockabilly en espanol,9664,636,Atmospheric/Calm
rock of gibraltar,14218,591,Atmospheric/Calm
technical melodic death metal,7273,203,Deep/Acoustic
sami,13108,568,Atmospheric/Calm
cleveland metal,8984,218,Deep/Acoustic
deep contemporary country,10325,639,Atmospheric/Calm
british post-rock,11404,275,Deep/Acoustic
jazz vibraphone,17767,931,Atmospheric/Calm
baltic classical,21889,221,Deep/Acoustic
korean drill,6350,1049,Atmospheric/Calm
nz dnb,2309,891,Atmospheric/Calm
scottish hip hop,8224,937,Atmospheric/Calm
canadian underground hip hop,11155,975,Atmospheric/Calm
muzika l'yeladim,14871,996,Atmospheric/Calm
italian electronica,4004,899,Atmospheric/Calm
israelite hip hop,11791,988,Atmospheric/Calm
christmas product,14996,692,Atmospheric/Calm
rosario indie,6493,524,Atmospheric/Calm
mewati pop,4876,866,Atmospheric/Calm
israeli jazz,17066,777,Atmospheric/Calm
norwegian house,1897,1128,Atmospheric/Calm
gothic alternative,4563,302,Deep/Acoustic
tuareg guitar,13311,843,Atmospheric/Calm
asakaa,7950,1134,Atmospheric/Calm
musica popular amazonense,11017,899,Atmospheric/Calm
afrikaans hip hop,6035,1152,Atmospheric/Calm
appalachian folk,19095,957,Atmospheric/Calm
hardgroove,801,1240,Atmospheric/Calm
scratch,5768,1150,Atmospheric/Calm
korean electronic,2791,933,Atmospheric/Calm
flick hop,8285,959,Atmospheric/Calm
slovenian indie,8959,521,Atmospheric/Calm
devon indie,10214,533,Atmospheric/Calm
israeli techno,512,1303,Unknown
accordeon,11981,804,Atmospheric/Calm
malaysian punk,6186,352,Deep/Acoustic
cosmic post-rock,10794,220,Deep/Acoustic
jazz catala,18177,883,Atmospheric/Calm
australian ambient,15488,360,Deep/Acoustic
belgian metal,8197,174,Deep/Acoustic
music hall,19808,862,Atmospheric/Calm
cruise,6854,1173,Atmospheric/Calm
american primitive,17621,551,Atmospheric/Calm
norrlandsk hip hop,11130,998,Atmospheric/Calm
swahili gospel,10007,746,Atmospheric/Calm
korean superband,12487,547,Atmospheric/Calm
usbm,11551,50,Deep/Acoustic
marwadi pop,5563,907,Atmospheric/Calm
malayalam madh,13908,834,Atmospheric/Calm
khayal,19170,443,Atmospheric/Calm
waiata mo tamariki,13863,959,Atmospheric/Calm
russian ccm,9844,542,Atmospheric/Calm
2-step,1929,1273,Atmospheric/Calm
indian electronic,4261,994,Atmospheric/Calm
uk christian rap,12215,1015,Atmospheric/Calm
italian renaissance,22012,234,Deep/Acoustic
rap tico,9213,1103,Atmospheric/Calm
classic korean pop,13713,469,Atmospheric/Calm
fijian pop,6500,977,Atmospheric/Calm
martial industrial,11453,304,Deep/Acoustic
new york death metal,11588,131,Deep/Acoustic
dancehall chileno,5960,1135,Atmospheric/Calm
detskie pesni,13047,1077,Atmospheric/Calm
chamber orchestra,21133,321,Deep/Acoustic
subliminal product,19065,156,Deep/Acoustic
musica portuguesa contemporanea,14427,716,Atmospheric/Calm
tearout,5906,718,Atmospheric/Calm
emotional black metal,9981,45,Deep/Acoustic
psicodelia chilena,14663,741,Atmospheric/Calm
cosmic death metal,10502,138,Deep/Acoustic
fictitious orchestra,20544,404,Atmospheric/Calm
st louis drill,6666,1073,Atmospheric/Calm
musique comorienne,10821,1026,Atmospheric/Calm
hungarian punk,5754,475,Atmospheric/Calm
chinese indie pop,6593,636,Atmospheric/Calm
vinahouse,7365,817,Atmospheric/Calm
classical cello,21864,302,Deep/Acoustic
street punk espanol,8285,376,Deep/Acoustic
swiss trap,5519,1134,Atmospheric/Calm
bemani,18673,71,Deep/Acoustic
rap metal espanol,5214,530,Atmospheric/Calm
orchestral performance,21254,368,Deep/Acoustic
brazilian modern jazz,16452,830,Atmospheric/Calm
paidika tragoudia,13390,965,Atmospheric/Calm
latmiya,17534,554,Atmospheric/Calm
batida,2776,1219,Atmospheric/Calm
puerto rican indie,8362,703,Atmospheric/Calm
sambass,2046,1097,Atmospheric/Calm
hungarian classical performance,21706,325,Deep/Acoustic
folklore uruguayo,17446,971,Atmospheric/Calm
hindustani instrumental,18744,708,Atmospheric/Calm
cook islands pop,5693,927,Atmospheric/Calm
psalmen,20894,118,Deep/Acoustic
fake,6488,1007,Atmospheric/Calm
sitar,16949,609,Atmospheric/Calm
greek contemporary classical,18581,490,Atmospheric/Calm
karaoke,3741,854,Atmospheric/Calm
ecuadorian alternative rock,7841,526,Atmospheric/Calm
palestinian alternative,11994,799,Atmospheric/Calm
israeli classical piano,22122,501,Atmospheric/Calm
dominican indie,7433,881,Atmospheric/Calm
italian punk,8037,368,Deep/Acoustic
deep gothic post-punk,4396,341,Deep/Acoustic
math pop,8656,477,Atmospheric/Calm
peruvian punk,9328,376,Deep/Acoustic
musica michoacana,13957,973,Atmospheric/Calm
neo kyma,16598,618,Atmospheric/Calm
rap feminino chileno,11913,1041,Atmospheric/Calm
polyphony,19825,258,Deep/Acoustic
mumbai indie,10350,563,Atmospheric/Calm
classic italian folk pop,11655,919,Atmospheric/Calm
viking black metal,8656,78,Deep/Acoustic
wassoulou,11341,969,Atmospheric/Calm
south african underground rap,8013,1034,Atmospheric/Calm
ryukyu ongaku,13483,736,Atmospheric/Calm
rap chretien,9088,979,Atmospheric/Calm
yugoslav new wave,8112,724,Atmospheric/Calm
jig and reel,17738,721,Atmospheric/Calm
chaabi marocain,10726,815,Atmospheric/Calm
breton folk,14550,551,Atmospheric/Calm
quebec death metal,8478,207,Deep/Acoustic
punk catala,6137,412,Atmospheric/Calm
modern psychedelic folk,14093,414,Atmospheric/Calm
chinese soundtrack,15313,342,Deep/Acoustic
zim hip hop,7802,1034,Atmospheric/Calm
tuna,14648,566,Atmospheric/Calm
musica nublensina,16540,1040,Atmospheric/Calm
south asian metal,7731,275,Deep/Acoustic
ukrainian classical piano,22455,346,Deep/Acoustic
mongolian hip hop,4493,1121,Atmospheric/Calm
crack rock steady,10024,402,Atmospheric/Calm
danzon,15809,990,Atmospheric/Calm
kumaoni pop,9781,901,Atmospheric/Calm
malayalam cover,9064,883,Atmospheric/Calm
bomba,5150,1128,Atmospheric/Calm
violao classico,20018,1005,Atmospheric/Calm
bangladeshi indie,9315,596,Atmospheric/Calm
newcastle indie,9676,366,Deep/Acoustic
violin,21510,454,Atmospheric/Calm
tassie indie,11380,484,Atmospheric/Calm
bagpipe,12946,201,Deep/Acoustic
graz indie,6468,627,Atmospheric/Calm
mpb gospel,14118,593,Atmospheric/Calm
australian indigenous hip hop,8335,1038,Atmospheric/Calm
sega mauricien,6830,1021,Atmospheric/Calm
cumbia cristiana,10722,1000,Atmospheric/Calm
rock curitibano,7532,528,Atmospheric/Calm
deep dubstep,2526,1086,Atmospheric/Calm
garage punk,9106,210,Deep/Acoustic
spanish techno,451,1259,Unknown
balkan punk,8824,460,Atmospheric/Calm
ambient synth,18440,199,Deep/Acoustic
french garage rock,7842,323,Deep/Acoustic
warrington indie,6050,435,Atmospheric/Calm
khortha pop,5302,810,Atmospheric/Calm
portland metal,10721,127,Deep/Acoustic
gospel singers,17303,659,Atmospheric/Calm
rva indie,11306,524,Atmospheric/Calm
uwielbienie,14057,551,Atmospheric/Calm
goralski,12018,793,Atmospheric/Calm
eritrean pop,10550,856,Atmospheric/Calm
slavic metal,7731,161,Deep/Acoustic
taiwan instrumental,16248,481,Atmospheric/Calm
garage punk blues,13429,547,Atmospheric/Calm
vegan straight edge,11210,313,Deep/Acoustic
mandible,12480,364,Deep/Acoustic
clap and tap,18644,253,Deep/Acoustic
buffalo ny indie,12179,501,Atmospheric/Calm
remix product,1826,765,Atmospheric/Calm
japanese boom bap,9920,980,Atmospheric/Calm
christian dance,2249,774,Atmospheric/Calm
kids hip hop,4505,1117,Atmospheric/Calm
salsa cristiana,11066,1021,Atmospheric/Calm
deep disco,4396,1047,Atmospheric/Calm
swedish hardcore,10428,154,Deep/Acoustic
bahai,7421,994,Atmospheric/Calm
musique pour enfant quebecois,14131,1077,Atmospheric/Calm
ukrainian folk pop,4033,923,Atmospheric/Calm
macedonian pop,7423,650,Atmospheric/Calm
lafayette indie,10600,530,Atmospheric/Calm
igbo trap,8421,1159,Atmospheric/Calm
chhattisgarhi pop,10930,763,Atmospheric/Calm
gulf hip hop,9152,971,Atmospheric/Calm
memphis americana,12464,694,Atmospheric/Calm
bahamian pop,4683,1058,Atmospheric/Calm
shoegaze brasileiro,10379,292,Deep/Acoustic
cavernous death metal,11673,64,Deep/Acoustic
new wave of glam metal,4075,266,Deep/Acoustic
finnish new wave,9751,540,Atmospheric/Calm
lldm,14463,596,Atmospheric/Calm
slushwave,10855,364,Deep/Acoustic
modern swing,18293,1062,Atmospheric/Calm
serbian electronic,395,1303,Hyper/Electronic
sanfona,10487,895,Atmospheric/Calm
naija old school,6754,994,Atmospheric/Calm
american 21st century classical,20809,310,Deep/Acoustic
west african jazz,14045,947,Atmospheric/Calm
urban kiz,3050,1144,Atmospheric/Calm
japanese melodic punk,6345,260,Deep/Acoustic
punk rock italiano,6223,396,Deep/Acoustic
british industrial,9181,568,Atmospheric/Calm
deep progressive rock,9574,296,Deep/Acoustic
british experimental,13158,503,Atmospheric/Calm
military band,19212,549,Atmospheric/Calm
wrock,12178,828,Atmospheric/Calm
japanese hyperpop,5772,774,Atmospheric/Calm
rogaland indie,12081,460,Atmospheric/Calm
northeast indian indie,8448,655,Atmospheric/Calm
magyar retro dance,3544,891,Atmospheric/Calm
sheilat,12934,799,Atmospheric/Calm
detroit trap en espanol,6174,1030,Atmospheric/Calm
dennery segment,4806,1134,Atmospheric/Calm
swedish rockabilly,9713,624,Atmospheric/Calm
rap portuense,7814,1026,Atmospheric/Calm
kuduro,1941,1299,Atmospheric/Calm
detske pisnicky,15780,1004,Atmospheric/Calm
deep big room,2718,542,Atmospheric/Calm
japanese psychedelic,13898,378,Deep/Acoustic
didgeridoo,10942,756,Atmospheric/Calm
irish rebel song,14737,578,Atmospheric/Calm
ambient trance,5289,604,Atmospheric/Calm
uppsala indie,7311,477,Atmospheric/Calm
mississippi indie,10178,422,Atmospheric/Calm
pop catracho,5891,1125,Atmospheric/Calm
faroese pop,13022,561,Atmospheric/Calm
rwandan pop,12438,1115,Atmospheric/Calm
french black metal,10477,43,Deep/Acoustic
indonesian underground hip hop,6538,1060,Atmospheric/Calm
japanese electronic,2253,1105,Atmospheric/Calm
uk beatdown,10660,312,Deep/Acoustic
ukulele cover,15751,1245,Atmospheric/Calm
pornogrind,9933,209,Deep/Acoustic
new isolationism,12044,289,Deep/Acoustic
norwegian americana,13269,521,Atmospheric/Calm
musica hondurena,11615,1062,Atmospheric/Calm
trio batak,6321,526,Atmospheric/Calm
jazz harp,18527,703,Atmospheric/Calm
panpipe,13010,556,Atmospheric/Calm
cancoes infantis,9866,1075,Atmospheric/Calm
swiss folk,14786,751,Atmospheric/Calm
indonesian metal,7559,253,Deep/Acoustic
jazz brass,18832,834,Atmospheric/Calm
louange,9441,751,Atmospheric/Calm
hmong pop,6188,847,Atmospheric/Calm
comedienne,19696,1112,Atmospheric/Calm
manipuri pop,10362,779,Atmospheric/Calm
sonora indie,7236,418,Atmospheric/Calm
german black metal,10122,73,Deep/Acoustic
argentine metal,7780,264,Deep/Acoustic
south african soulful deep house,1282,1285,Atmospheric/Calm
czsk reggae,6023,1007,Atmospheric/Calm
polish folk metal,9414,209,Deep/Acoustic
solomon islands pop,3302,1041,Atmospheric/Calm
concert band,21048,368,Deep/Acoustic
drill beats,2618,1217,Atmospheric/Calm
kansai indie,6062,508,Atmospheric/Calm
san antonio rap,6891,1055,Atmospheric/Calm
svensk lovsang,12623,495,Atmospheric/Calm
hamburger schule,7918,624,Atmospheric/Calm
modern darkwave,2469,429,Atmospheric/Calm
brazilian post-hardcore,6014,317,Deep/Acoustic
musica jibara,14711,1015,Atmospheric/Calm
guyanese pop,6742,1117,Atmospheric/Calm
derby indie,9194,427,Atmospheric/Calm
norwegian punk rock,7200,253,Deep/Acoustic
spanish electronic,3302,899,Atmospheric/Calm
danish singer-songwriter,13564,547,Atmospheric/Calm
spanish prog,13096,479,Atmospheric/Calm
traditional british folk,17488,777,Atmospheric/Calm
italian new wave,6346,599,Atmospheric/Calm
hindi worship,11331,544,Atmospheric/Calm
american melodeath,6272,160,Deep/Acoustic
persian drill,10574,1028,Atmospheric/Calm
deep progressive trance,1373,854,Atmospheric/Calm
worcester ma indie,8607,460,Atmospheric/Calm
telugu remix,8064,990,Atmospheric/Calm
chain punk,10416,129,Deep/Acoustic
musica lombarda,14909,815,Atmospheric/Calm
jewish hip hop,6035,1021,Atmospheric/Calm
cypriot hip hop,10611,980,Atmospheric/Calm
bulgarian rock,8601,642,Atmospheric/Calm
swiss techno,487,1330,Unknown
ambient country,17049,327,Deep/Acoustic
swedish folk pop,12600,612,Atmospheric/Calm
greek guitar,16277,593,Atmospheric/Calm
psybass,2977,992,Atmospheric/Calm
vintage broadway,19199,683,Atmospheric/Calm
portuguese folk,15046,576,Atmospheric/Calm
flemish folk,13527,751,Atmospheric/Calm
swedish prog,14538,566,Atmospheric/Calm
musicas espiritas,16657,885,Atmospheric/Calm
jalsat,11157,694,Atmospheric/Calm
garage psych,9169,325,Deep/Acoustic
gospel italiano,12486,429,Atmospheric/Calm
throat singing,15629,481,Atmospheric/Calm
rap pernambucano,9693,1068,Atmospheric/Calm
japanese worship,13282,486,Atmospheric/Calm
lancaster pa indie,12722,445,Atmospheric/Calm
chinese jazz,14933,753,Atmospheric/Calm
memphis indie,10993,384,Deep/Acoustic
neo-kraut,7385,486,Atmospheric/Calm
musica aguascalentense,13022,990,Atmospheric/Calm
rusyn folk,14093,604,Atmospheric/Calm
persian sad rap,7618,933,Atmospheric/Calm
punta,6805,1041,Atmospheric/Calm
sungura,11778,909,Atmospheric/Calm
stateside dnb,1753,1023,Atmospheric/Calm
tucson indie,13133,530,Atmospheric/Calm
slovenian rock,9795,551,Atmospheric/Calm
punta rock,6915,1021,Atmospheric/Calm
stomp and whittle,10699,524,Atmospheric/Calm
deep deep house,597,1379,Unknown
dronescape,17358,40,Deep/Acoustic
glitch beats,5680,893,Atmospheric/Calm
plugg en espanol,5972,957,Atmospheric/Calm
euskal indie,6481,528,Atmospheric/Calm
muzica copii,11452,1036,Atmospheric/Calm
ambient black metal,12858,33,Deep/Acoustic
makina,1467,1047,Atmospheric/Calm
musica pitiusa,12007,515,Atmospheric/Calm
dub punk,6331,817,Atmospheric/Calm
leipzig indie,6618,788,Atmospheric/Calm
drill dominicano,8841,1166,Atmospheric/Calm
indian percussion,13900,1043,Atmospheric/Calm
festigal,7286,621,Atmospheric/Calm
polish contemporary classical,21474,277,Deep/Acoustic
german pagan metal,5814,147,Deep/Acoustic
pittsburgh metal,11186,187,Deep/Acoustic
contrabass,21230,488,Atmospheric/Calm
norwegian space disco,1978,1134,Atmospheric/Calm
ukrainian contemporary classical,17926,445,Atmospheric/Calm
kelowna bc indie,5691,327,Deep/Acoustic
folk black metal,8515,115,Deep/Acoustic
bass trip,7002,1002,Atmospheric/Calm
hungarian techno,665,1343,Atmospheric/Calm
moderne ludovky,8124,731,Atmospheric/Calm
mongolian pop,5843,870,Atmospheric/Calm
indie electronica,6830,815,Atmospheric/Calm
malayalam worship,9193,781,Atmospheric/Calm
lagu sasak,8286,748,Atmospheric/Calm
banda guanajuatense,12810,939,Atmospheric/Calm
english renaissance,21718,333,Deep/Acoustic
light music,19813,321,Deep/Acoustic
deep progressive house,351,1240,Hyper/Electronic
chicano punk,10146,362,Deep/Acoustic
guitarra clasica,22005,923,Atmospheric/Calm
halifax indie,9340,521,Atmospheric/Calm
dancehall guyanaise,8804,1108,Atmospheric/Calm
lancashire indie,10264,515,Atmospheric/Calm
columbus ohio indie,10760,508,Atmospheric/Calm
oth indie,10452,506,Atmospheric/Calm
cuento infantile,17709,1200,Atmospheric/Calm
kenyan drill,6514,1203,Atmospheric/Calm
baptist gospel,18159,341,Deep/Acoustic
czech indie,9011,528,Atmospheric/Calm
jazz puertorriqueno,16335,1030,Atmospheric/Calm
singaporean electronic,2241,943,Atmospheric/Calm
armenian folk,14624,542,Atmospheric/Calm
pashto pop,14897,767,Atmospheric/Calm
canadian psychedelic rock,9550,300,Deep/Acoustic
detske pesnicky,12648,1041,Atmospheric/Calm
german dnb,1701,982,Atmospheric/Calm
northern irish punk,9402,416,Atmospheric/Calm
trad quebecois,12798,821,Atmospheric/Calm
future ambient,2874,1004,Atmospheric/Calm
spanish rockabilly,9266,609,Atmospheric/Calm
aarhus indie,11637,458,Atmospheric/Calm
italian folk,14465,748,Atmospheric/Calm
rap galego,7606,917,Atmospheric/Calm
swiss alternative rock,6677,458,Atmospheric/Calm
solipsynthm,2744,751,Atmospheric/Calm
brazilian techno,653,1289,Atmospheric/Calm
fast melodic punk,5854,266,Deep/Acoustic
libyan pop,9883,765,Atmospheric/Calm
american romanticism,21218,460,Atmospheric/Calm
northeast indian hip hop,9201,996,Atmospheric/Calm
erotica,12092,799,Atmospheric/Calm
atmospheric sludge,10318,203,Deep/Acoustic
arabic instrumental,14525,573,Atmospheric/Calm
swiss indie folk,13763,568,Atmospheric/Calm
brazilian dnb,1109,1132,Atmospheric/Calm
acid trance,1676,1009,Atmospheric/Calm
rap metalcore,5677,533,Atmospheric/Calm
bossa nova jazz,13249,925,Atmospheric/Calm
highlife,13417,1060,Atmospheric/Calm
deep liquid,1417,872,Atmospheric/Calm
psydub,3493,911,Atmospheric/Calm
broken beat,2859,1097,Atmospheric/Calm
old school hard trance,2613,889,Atmospheric/Calm
power thrash,7003,247,Deep/Acoustic
corsican folk,16640,479,Atmospheric/Calm
deep soul house,1404,1221,Atmospheric/Calm
musikkorps,18761,821,Atmospheric/Calm
romanian folk,17797,627,Atmospheric/Calm
psalms,16598,492,Atmospheric/Calm
austin singer-songwriter,13096,646,Atmospheric/Calm
sega,9100,1015,Atmospheric/Calm
magyar mulatos,2989,937,Atmospheric/Calm
limerick indie,8644,427,Atmospheric/Calm
xhosa,15122,795,Atmospheric/Calm
russian techno,1060,1292,Atmospheric/Calm
zurich indie,6940,663,Atmospheric/Calm
minimal dnb,3013,1005,Atmospheric/Calm
hungarian indie,7211,486,Atmospheric/Calm
indie psych-pop,10895,437,Atmospheric/Calm
greek rock,6100,366,Deep/Acoustic
industrial techno,1318,996,Atmospheric/Calm
mexican traditional,15070,947,Atmospheric/Calm
vintage italian pop,19901,718,Atmospheric/Calm
experimental synth,13971,388,Deep/Acoustic
swiss singer-songwriter,11430,677,Atmospheric/Calm
rasiya,4273,965,Atmospheric/Calm
nitzhonot,482,893,Unknown
gambian pop,9189,1115,Atmospheric/Calm
canadian experimental,14740,249,Deep/Acoustic
swiss reggae,5174,1161,Atmospheric/Calm
deep brazilian pop,15988,847,Atmospheric/Calm
capoeira,14367,1073,Atmospheric/Calm
metal gotico,7682,270,Deep/Acoustic
finnish pop punk,6112,339,Deep/Acoustic
deep liquid bass,1826,1105,Atmospheric/Calm
kenyan alternative,11729,977,Atmospheric/Calm
freakbeat,12611,530,Atmospheric/Calm
spirituals,20690,607,Atmospheric/Calm
drone ambient,19287,29,Deep/Acoustic
orquestas de galicia,7335,957,Atmospheric/Calm
irish punk,8947,358,Deep/Acoustic
mezmur,11143,726,Atmospheric/Calm
punk tuga,7682,402,Atmospheric/Calm
french post-punk,7618,802,Atmospheric/Calm
experimental guitar,17271,540,Atmospheric/Calm
boogie-woogie,18352,1007,Atmospheric/Calm
musica costarricense,13010,824,Atmospheric/Calm
german dark minimal techno,487,1121,Unknown
singaporean hip hop,7888,1030,Atmospheric/Calm
texas punk,9995,335,Deep/Acoustic
forest psy,336,1004,Hyper/Electronic
serialism,21828,366,Deep/Acoustic
reiki,19988,53,Deep/Acoustic
gamecore,4746,734,Atmospheric/Calm
erotik,16774,1381,Atmospheric/Calm
swedish techno,1208,1209,Atmospheric/Calm
dirty texas rap,5631,1110,Atmospheric/Calm
australian blues,12872,783,Atmospheric/Calm
blackened screamo,10391,203,Deep/Acoustic
vintage cantonese pop,13416,630,Atmospheric/Calm
french dnb,2104,949,Atmospheric/Calm
indie singer-songwriter,14156,624,Atmospheric/Calm
cosmic black metal,10489,43,Deep/Acoustic
nordic ambient,15371,234,Deep/Acoustic
musica potiguar,11292,872,Atmospheric/Calm
russian dnb,1958,990,Atmospheric/Calm
popullore jugu,8677,779,Atmospheric/Calm
technical black metal,11649,22,Deep/Acoustic
bansuri,19375,495,Atmospheric/Calm
soul flow,9406,937,Atmospheric/Calm
greek psychedelic rock,10073,341,Deep/Acoustic
klapa,14670,433,Atmospheric/Calm
electronica chilena,2847,1090,Atmospheric/Calm
birdsong,17563,187,Deep/Acoustic
reggae mexicano,5162,1062,Atmospheric/Calm
puglia indie,5640,627,Atmospheric/Calm
deep new wave,3156,694,Atmospheric/Calm
somali pop,5594,1106,Atmospheric/Calm
brazilian tech house,307,1407,Hyper/Electronic
australian experimental,13874,339,Deep/Acoustic
ukhc,9831,244,Deep/Acoustic
8-bit,2776,618,Atmospheric/Calm
pop boliviano,7014,977,Atmospheric/Calm
indorock,11230,708,Atmospheric/Calm
uk stoner rock,11417,207,Deep/Acoustic
south african country,10640,686,Atmospheric/Calm
canadian indigenous hip hop,5556,1088,Atmospheric/Calm
indie folk italiano,11242,680,Atmospheric/Calm
bible,17709,1332,Atmospheric/Calm
berlin minimal techno,609,1304,Atmospheric/Calm
minimal dubstep,2362,1062,Atmospheric/Calm
austro-german modernism,21926,372,Deep/Acoustic
deep metalcore,3924,227,Deep/Acoustic
japanese experimental,12597,739,Atmospheric/Calm
nz gangsta rap,5916,1128,Atmospheric/Calm
persian trap,7055,1002,Atmospheric/Calm
irish classical,21902,310,Deep/Acoustic
italian ska,5114,659,Atmospheric/Calm
mbira,12475,975,Atmospheric/Calm
japanese girl punk,7112,392,Deep/Acoustic
shamisen,13770,1108,Atmospheric/Calm
focus trance,263,1278,Hyper/Electronic
indie veneto,6444,524,Atmospheric/Calm
south african r&b,11029,933,Atmospheric/Calm
musica nortena chilena,12621,830,Atmospheric/Calm
gypsy fusion,7508,907,Atmospheric/Calm
kansas indie,9390,466,Atmospheric/Calm
russian pop punk,4099,386,Deep/Acoustic
purple sound,3054,933,Atmospheric/Calm
dunedin sound,10513,408,Atmospheric/Calm
japanese edm,2805,596,Atmospheric/Calm
technical brutal death metal,8185,169,Deep/Acoustic
outer hip hop,9127,1045,Atmospheric/Calm
rap moldovenesc,6212,1095,Atmospheric/Calm
japanese traditional,19182,354,Deep/Acoustic
pinoy metal,9959,319,Deep/Acoustic
punjabi folk,15751,949,Atmospheric/Calm
edinburgh indie,8112,422,Atmospheric/Calm
classic moroccan pop,13933,832,Atmospheric/Calm
laulaja-lauluntekija,12314,601,Atmospheric/Calm
uruguayan indie,9637,659,Atmospheric/Calm
kids dance party,2294,1326,Atmospheric/Calm
erotic product,18527,214,Deep/Acoustic
surinamese pop,12500,1011,Atmospheric/Calm
post-punk mexicano,3916,412,Atmospheric/Calm
drill tuga,10599,1125,Atmospheric/Calm
belgian new wave,3666,777,Atmospheric/Calm
classic bulgarian pop,10576,639,Atmospheric/Calm
joropo,16365,939,Atmospheric/Calm
arkansas indie,11931,517,Atmospheric/Calm
italian contemporary jazz,19504,697,Atmospheric/Calm
west virginia indie,10588,404,Atmospheric/Calm
jazz venezolano,15374,907,Atmospheric/Calm
mizo pop,9429,650,Atmospheric/Calm
southern china indie,7981,533,Atmospheric/Calm
language,14094,1079,Atmospheric/Calm
destroy techno,1688,1132,Atmospheric/Calm
lezginka,4220,788,Atmospheric/Calm
oberkrainer,14007,959,Atmospheric/Calm
dancehall mauricien,4505,1242,Atmospheric/Calm
stl indie,10386,508,Atmospheric/Calm
dutch blues,12474,593,Atmospheric/Calm
lund indie,9921,364,Deep/Acoustic
pacific islands gospel,8149,697,Atmospheric/Calm
lagu sabahan,5786,705,Atmospheric/Calm
indie pop rock,5741,479,Atmospheric/Calm
musica occitana,11366,810,Atmospheric/Calm
vlaamse rap,9781,1119,Atmospheric/Calm
turkish reggae,4763,943,Atmospheric/Calm
contemporary folk,15722,779,Atmospheric/Calm
spacesynth,2635,739,Atmospheric/Calm
string folk,18498,713,Atmospheric/Calm
powwow,12215,824,Atmospheric/Calm
german melodeath,5802,165,Deep/Acoustic
minneapolis punk,9635,275,Deep/Acoustic
wyoming indie,9574,456,Atmospheric/Calm
deep neofolk,13294,471,Atmospheric/Calm
detroit indie,7854,556,Atmospheric/Calm
country boogie,17897,1041,Atmospheric/Calm
east anglia indie,8457,394,Deep/Acoustic
belgian jazz,18732,808,Atmospheric/Calm
milwaukee hip hop,8589,1028,Atmospheric/Calm
romanian indie,6124,556,Atmospheric/Calm
canadian post-punk,6940,339,Deep/Acoustic
yoruba worship,11342,856,Atmospheric/Calm
khmer hip hop,5606,1125,Atmospheric/Calm
dutch jazz,17154,697,Atmospheric/Calm
finnish progressive metal,5790,190,Deep/Acoustic
malagasy pop,9115,937,Atmospheric/Calm
korean soundtrack,14056,408,Atmospheric/Calm
afro psych,11142,921,Atmospheric/Calm
vispop,8497,703,Atmospheric/Calm
madrigal,21975,199,Deep/Acoustic
chill baile,3534,1123,Atmospheric/Calm
drumfunk,2315,957,Atmospheric/Calm
spanish indie rock,7051,306,Deep/Acoustic
experimental club,4751,907,Atmospheric/Calm
thrash core,10843,251,Deep/Acoustic
hardcore punk espanol,10563,323,Deep/Acoustic
indie rock colombiano,6333,454,Atmospheric/Calm
norrbotten indie,12524,452,Atmospheric/Calm
zydeco,11117,872,Atmospheric/Calm
sierra leonean pop,7080,1108,Atmospheric/Calm
christlicher rap,9237,1030,Atmospheric/Calm
southeast asian post-rock,9181,329,Deep/Acoustic
bisrock,11044,618,Atmospheric/Calm
german street punk,9230,352,Deep/Acoustic
kyrgyz pop,4909,931,Atmospheric/Calm
russian shoegaze,8110,258,Deep/Acoustic
cantaditas,1713,917,Atmospheric/Calm
japanese idm,7483,830,Atmospheric/Calm
brazilian experimental,11330,646,Atmospheric/Calm
little rock indie,9525,471,Atmospheric/Calm
traditional scottish folk,14945,578,Atmospheric/Calm
salay,8940,866,Atmospheric/Calm
malawian hip hop,11692,1034,Atmospheric/Calm
belgian electronic,2728,1017,Atmospheric/Calm
cologne electronic,2481,1099,Atmospheric/Calm
american choir,21840,163,Deep/Acoustic
venda rap,10623,1053,Atmospheric/Calm
gamelan,14676,858,Atmospheric/Calm
swedish psychedelic rock,11429,277,Deep/Acoustic
tango cancion,21011,889,Atmospheric/Calm
british math rock,10806,427,Atmospheric/Calm
musica mocambicana,10648,967,Atmospheric/Calm
purulia pop,5056,724,Atmospheric/Calm
progressive breaks,947,1041,Atmospheric/Calm
argentine hardcore,10981,362,Deep/Acoustic
guitarra argentina,20953,1079,Atmospheric/Calm
irish dance,11869,845,Atmospheric/Calm
punk colombiano,6370,400,Atmospheric/Calm
new wave of osdm,11076,78,Deep/Acoustic
african electronic,3916,1097,Atmospheric/Calm
north dakota indie,13824,499,Atmospheric/Calm
minneapolis metal,8260,163,Deep/Acoustic
danish black metal,11173,38,Deep/Acoustic
dark psytrance,804,872,Atmospheric/Calm
baltic post-punk,5348,512,Atmospheric/Calm
panamanian rock,6099,551,Atmospheric/Calm
deep ambient,17137,117,Deep/Acoustic
denver metal,8061,172,Deep/Acoustic
hengelliset laulut,21559,187,Deep/Acoustic
trallpunk,9599,275,Deep/Acoustic
early music choir,22060,95,Deep/Acoustic
samba gospel,10810,767,Atmospheric/Calm
brazilian indie rock,9725,433,Atmospheric/Calm
dutch black metal,10110,31,Deep/Acoustic
chattanooga indie,10362,599,Atmospheric/Calm
navajo,18410,804,Atmospheric/Calm
santali pop,7993,786,Atmospheric/Calm
musique tahitienne,10411,832,Atmospheric/Calm
german blues,12585,815,Atmospheric/Calm
mexican son,16027,953,Atmospheric/Calm
nordic shoegaze,7100,221,Deep/Acoustic
afrobeat fusion,10833,996,Atmospheric/Calm
indonesian trap,4980,907,Atmospheric/Calm
yoga,19784,149,Deep/Acoustic
uk noise rock,9995,236,Deep/Acoustic
barbershop,18235,458,Atmospheric/Calm
finnish black metal,9549,47,Deep/Acoustic
rap guarulhense,7128,971,Atmospheric/Calm
tunisian alternative,7719,495,Atmospheric/Calm
psychedelic jazz fusion,12044,521,Atmospheric/Calm
sefardi,17212,559,Atmospheric/Calm
irish drill,7335,1235,Atmospheric/Calm
italian mandolin,16063,537,Atmospheric/Calm
classical harp,21596,639,Atmospheric/Calm
galego,10799,615,Atmospheric/Calm
pei indie,12351,547,Atmospheric/Calm
myanmar indie,7943,609,Atmospheric/Calm
canadian psychedelic,13195,571,Atmospheric/Calm
australian techno,1096,1186,Atmospheric/Calm
traditional rockabilly,15209,881,Atmospheric/Calm
german electronica,4714,943,Atmospheric/Calm
ney,18569,386,Deep/Acoustic
house argentino,365,1386,Hyper/Electronic
lithuanian indie,8739,615,Atmospheric/Calm
deep southern trap,4822,1073,Atmospheric/Calm
vlaamse cabaret,15496,998,Atmospheric/Calm
ottawa indie,8632,456,Atmospheric/Calm
russian nu metal,5989,396,Deep/Acoustic
khandeshi pop,6679,770,Atmospheric/Calm
musique acadienne,10726,680,Atmospheric/Calm
ragtime,20526,1075,Atmospheric/Calm
cabaret,21099,849,Atmospheric/Calm
vintage chinese pop,15617,515,Atmospheric/Calm
nohay,17680,554,Atmospheric/Calm
rock tico,6641,471,Atmospheric/Calm
banda peruana,13603,925,Atmospheric/Calm
marimba mexicana,9879,1178,Atmospheric/Calm
american orchestra,20397,238,Deep/Acoustic
abstract idm,7274,586,Atmospheric/Calm
brazilian blues,10246,689,Atmospheric/Calm
russian pixel,5212,1119,Atmospheric/Calm
ny roots,11355,734,Atmospheric/Calm
sasscore,11039,264,Deep/Acoustic
voidgrind,11806,43,Deep/Acoustic
assyrian pop,7569,736,Atmospheric/Calm
malaysian tamil rap,7178,1058,Atmospheric/Calm
jazz violin,18293,808,Atmospheric/Calm
estonian rock,12474,441,Atmospheric/Calm
greenlandic pop,6429,663,Atmospheric/Calm
japanese psychedelic rock,12770,264,Deep/Acoustic
erhu,19462,270,Deep/Acoustic
celtic harp,20456,763,Atmospheric/Calm
ruta destroy,1965,1088,Atmospheric/Calm
taiwan post-rock,10325,382,Deep/Acoustic
belgian modern jazz,15237,713,Atmospheric/Calm
montana indie,11318,670,Atmospheric/Calm
euroska,6304,907,Atmospheric/Calm
neo-psicodelia brasileira,12215,435,Atmospheric/Calm
western saharan folk,14625,870,Atmospheric/Calm
pahadi pop,5435,731,Atmospheric/Calm
musica calabrese,10283,772,Atmospheric/Calm
deep melodic hard rock,6952,260,Deep/Acoustic
luxembourgian indie,7473,497,Atmospheric/Calm
south african electronic,4174,1045,Atmospheric/Calm
finnish jazz,14909,646,Atmospheric/Calm
synthwave brasileiro,3653,549,Atmospheric/Calm
turkish post-punk,7731,486,Atmospheric/Calm
vaudeville,20807,860,Atmospheric/Calm
portuguese metal,6333,205,Deep/Acoustic
boogie,3013,1143,Atmospheric/Calm
trap cristiano,7938,1079,Atmospheric/Calm
guidance,16891,1355,Atmospheric/Calm
barnalog,14625,1019,Atmospheric/Calm
australian comedy,15693,990,Atmospheric/Calm
slovak folk,15312,630,Atmospheric/Calm
dutch musical,14672,563,Atmospheric/Calm
piano house,1232,1170,Atmospheric/Calm
deep german punk,7310,341,Deep/Acoustic
psychedelic blues-rock,12832,490,Atmospheric/Calm
gospel amapiano,3620,891,Atmospheric/Calm
new wave of speed metal,8173,149,Deep/Acoustic
deep east coast hip hop,7398,1101,Atmospheric/Calm
manitoba country,8026,547,Atmospheric/Calm
hip hop reunionnais,7092,1155,Atmospheric/Calm
friese muziek,11759,734,Atmospheric/Calm
caracas indie,6247,586,Atmospheric/Calm
essex indie,7670,490,Atmospheric/Calm
tzadik,18060,521,Atmospheric/Calm
galician folk,13183,441,Atmospheric/Calm
klezmer,17341,741,Atmospheric/Calm
musica mapuche,14021,839,Atmospheric/Calm
jazz guitar trio,19183,992,Atmospheric/Calm
german death metal,6579,176,Deep/Acoustic
traditional reggae,5830,1146,Atmospheric/Calm
string band,15951,849,Atmospheric/Calm
ambient dub techno,3110,1058,Atmospheric/Calm
wisconsin indie,11832,445,Atmospheric/Calm
swedish post-hardcore,7076,220,Deep/Acoustic
thai instrumental,16991,705,Atmospheric/Calm
adelaide indie,7943,402,Atmospheric/Calm
new weird finland,16127,508,Atmospheric/Calm
son cubano clasico,17154,1058,Atmospheric/Calm
georgian hip hop,7323,1038,Atmospheric/Calm
dark electro,1300,683,Atmospheric/Calm
musica goiana,12959,779,Atmospheric/Calm
humppa,13022,864,Atmospheric/Calm
calgary indie,11784,481,Atmospheric/Calm
albany ny indie,11210,495,Atmospheric/Calm
uilleann pipes,17061,327,Deep/Acoustic
post-punk latinoamericano,5373,445,Atmospheric/Calm
technical grindcore,11345,127,Deep/Acoustic
musica indigena mexicana,13161,1015,Atmospheric/Calm
polish hardcore,8334,289,Deep/Acoustic
fo jing,14477,376,Deep/Acoustic
musica mallorquina,10068,646,Atmospheric/Calm
lo star,10159,694,Atmospheric/Calm
judaica,15693,721,Atmospheric/Calm
chinese instrumental,17212,308,Deep/Acoustic
nz metal,7322,192,Deep/Acoustic
chicago mexican,12104,939,Atmospheric/Calm
euskal reggae,4775,965,Atmospheric/Calm
deep funk house,424,1389,Unknown
indonesian death metal,8248,236,Deep/Acoustic
circus,14465,677,Atmospheric/Calm
austrian black metal,9118,99,Deep/Acoustic
speedcore,2279,445,Atmospheric/Calm
portuguese techno,500,1221,Unknown
joseon pop,13996,533,Atmospheric/Calm
georgian alternative,7606,767,Atmospheric/Calm
indonesian emo rap,5389,854,Atmospheric/Calm
finnish progressive rock,12105,384,Deep/Acoustic
cleveland indie,9774,333,Deep/Acoustic
deep flow,7435,1019,Atmospheric/Calm
talentos brasileiros,10514,777,Atmospheric/Calm
cybergrind,8742,236,Deep/Acoustic
grunge pop,5202,321,Deep/Acoustic
norwegian contemporary jazz,15998,636,Atmospheric/Calm
psybreaks,1133,1105,Atmospheric/Calm
african percussion,17400,763,Atmospheric/Calm
folklore veracruzano,15985,986,Atmospheric/Calm
gothic post-punk,6038,437,Atmospheric/Calm
szanty,14241,786,Atmospheric/Calm
polish folk,14636,596,Atmospheric/Calm
sinogaze,7743,262,Deep/Acoustic
ukrainian alternative rock,6892,294,Deep/Acoustic
forro manauara,11341,1157,Atmospheric/Calm
blues-rock guitar,11452,839,Atmospheric/Calm
byzantine,21583,245,Deep/Acoustic
metal colombiano,9871,205,Deep/Acoustic
rap tuga underground,12277,1009,Atmospheric/Calm
finnish reggae,5375,1099,Atmospheric/Calm
underground boom bap,12438,955,Atmospheric/Calm
tijuana indie,9081,414,Atmospheric/Calm
macedonian hip hop,7679,1055,Atmospheric/Calm
old school highlife,10008,1073,Atmospheric/Calm
atmospheric doom,10941,138,Deep/Acoustic
georgian pop,12092,683,Atmospheric/Calm
taiwan electronic,4608,781,Atmospheric/Calm
classic danish rock,11783,612,Atmospheric/Calm
rap congolais,12326,1070,Atmospheric/Calm
hip hop galsen,9250,1108,Atmospheric/Calm
epic doom,11027,145,Deep/Acoustic
french folk,17884,841,Atmospheric/Calm
experimental techno,2651,979,Atmospheric/Calm
talentkonkurrence,2469,1015,Atmospheric/Calm
mexican tech house,234,1372,Hyper/Electronic
folklore cuyano,16423,1011,Atmospheric/Calm
russian heavy metal,6677,289,Deep/Acoustic
palestinian traditional,15734,683,Atmospheric/Calm
isle of wight indie,9549,512,Atmospheric/Calm
latvian indie,8583,586,Atmospheric/Calm
lagu karo,7115,694,Atmospheric/Calm
electronicore,4179,210,Deep/Acoustic
washboard,17212,1090,Atmospheric/Calm
australian classical,21681,366,Deep/Acoustic
crossover prog,9933,325,Deep/Acoustic
ukrainian folk,8411,808,Atmospheric/Calm
therapy,19725,253,Deep/Acoustic
finnish soul,10159,758,Atmospheric/Calm
atlantic canada hip hop,10071,1038,Atmospheric/Calm
neo-crust,10612,117,Deep/Acoustic
cork indie,12548,488,Atmospheric/Calm
marching band,17224,609,Atmospheric/Calm
experimental indie rock,12449,477,Atmospheric/Calm
canadian post-rock,13141,302,Deep/Acoustic
blackened crust,11428,40,Deep/Acoustic
street band,11218,851,Atmospheric/Calm
electronica venezuela,336,1397,Hyper/Electronic
darbuka,5744,1130,Atmospheric/Calm
italian post-punk,5854,394,Deep/Acoustic
kashmiri pop,14180,694,Atmospheric/Calm
rap ecuatoriano,6842,1143,Atmospheric/Calm
norwegian death metal,10086,108,Deep/Acoustic
noise punk,11247,272,Deep/Acoustic
cameroonian hip hop,11365,1053,Atmospheric/Calm
barockinterpreten,20480,337,Deep/Acoustic
bmore,2623,1148,Atmospheric/Calm
west-vlaamse hip hop,12599,1088,Atmospheric/Calm
euskal metal,5815,281,Deep/Acoustic
tanzlmusi,19287,1058,Atmospheric/Calm
mallet,17938,804,Atmospheric/Calm
maluku pop,10045,1097,Atmospheric/Calm
neo-trad metal,5590,207,Deep/Acoustic
bolivian rock,6480,639,Atmospheric/Calm
junior songfestival,3753,883,Atmospheric/Calm
progressive thrash,7694,231,Deep/Acoustic
bisaya indie,9513,495,Atmospheric/Calm
pasodobles,16715,677,Atmospheric/Calm
hard minimal techno,614,1482,Atmospheric/Calm
gnawa,13945,965,Atmospheric/Calm
jazz orchestra,17651,563,Atmospheric/Calm
umea hardcore,11015,266,Deep/Acoustic
finlandssvenska musik,9869,609,Atmospheric/Calm
emocore,10349,390,Deep/Acoustic
ilocano pop,12080,770,Atmospheric/Calm
belarusian punk,7348,506,Atmospheric/Calm
norwegian gospel,14315,618,Atmospheric/Calm
lagu tarling,9127,949,Atmospheric/Calm
korean shoegaze,9118,272,Deep/Acoustic
rock progressif francais,14106,506,Atmospheric/Calm
bisaya worship,12462,533,Atmospheric/Calm
rap catarinense,9879,1043,Atmospheric/Calm
electronica peruana,921,1364,Atmospheric/Calm
ukrainian experimental,8521,670,Atmospheric/Calm
nordic classical piano,21804,501,Atmospheric/Calm
florida hardcore,11112,283,Deep/Acoustic
traditional ska,9995,1060,Atmospheric/Calm
thai metal,5602,302,Deep/Acoustic
franco-flemish school,22110,143,Deep/Acoustic
dutch experimental electronic,4596,885,Atmospheric/Calm
finnish doom metal,9969,124,Deep/Acoustic
traditional english folk,17955,781,Atmospheric/Calm
canadian death metal,6991,160,Deep/Acoustic
musica pernambucana,11492,889,Atmospheric/Calm
kalmar indie,10251,586,Atmospheric/Calm
norwegian prog,10794,346,Deep/Acoustic
ukrainian metal,6407,190,Deep/Acoustic
zim gospel,10135,674,Atmospheric/Calm
narodnozabavna,12835,969,Atmospheric/Calm
croatian indie,8751,604,Atmospheric/Calm
bachchon ke geet,10169,1224,Atmospheric/Calm
russian classical piano,22531,486,Atmospheric/Calm
new england metal,9647,192,Deep/Acoustic
komedi,20631,917,Atmospheric/Calm
czsk hyperpop,5435,810,Atmospheric/Calm
rock gotico,4705,402,Atmospheric/Calm
deep folk metal,7212,192,Deep/Acoustic
canberra indie,14119,1094,Atmospheric/Calm
blues mexicano,13108,642,Atmospheric/Calm
hip hop boliviano,9063,1090,Atmospheric/Calm
balfolk,14562,547,Atmospheric/Calm
jewish a capella,13614,537,Atmospheric/Calm
japanese house,1885,1171,Atmospheric/Calm
sesotho pop,8384,907,Atmospheric/Calm
musica mexiquense,9026,901,Atmospheric/Calm
musica valenciana,13540,797,Atmospheric/Calm
modern jangle pop,7162,360,Deep/Acoustic
dark ambient,13796,260,Deep/Acoustic
faroese indie,12795,510,Atmospheric/Calm
greek black metal,8626,81,Deep/Acoustic
deep freestyle,2228,986,Atmospheric/Calm
noisecore,11441,179,Deep/Acoustic
american oi,8887,376,Deep/Acoustic
balkan post-punk,8285,519,Atmospheric/Calm
grenada soca,3432,1084,Atmospheric/Calm
dainuojamoji poezija,13813,774,Atmospheric/Calm
military cadence,2513,1457,Atmospheric/Calm
bodo pop,7656,763,Atmospheric/Calm
musique touareg,14996,903,Atmospheric/Calm
myanmar hip hop,5248,1092,Atmospheric/Calm
emoviolence,11514,138,Deep/Acoustic
azeri alternative,10477,593,Atmospheric/Calm
indie tico,9193,530,Atmospheric/Calm
musique mariage algerien,5730,802,Atmospheric/Calm
lithuanian rock,6136,540,Atmospheric/Calm
indie campechano,5830,746,Atmospheric/Calm
albanian rock,7681,630,Atmospheric/Calm
punk galego,6825,441,Atmospheric/Calm
massage,19141,94,Deep/Acoustic
italian metalcore,4296,188,Deep/Acoustic
virginia indie,11593,718,Atmospheric/Calm
french hardcore,7657,207,Deep/Acoustic
maine hip hop,7249,947,Atmospheric/Calm
taraneem,14660,636,Atmospheric/Calm
tibetan mantra,18089,441,Atmospheric/Calm
bangladeshi hip hop,8890,1026,Atmospheric/Calm
estonian electronic,3828,919,Atmospheric/Calm
pune indie,18206,1099,Atmospheric/Calm
italian post-hardcore,10165,296,Deep/Acoustic
iowa hip hop,7765,1049,Atmospheric/Calm
musica antigua,20439,515,Atmospheric/Calm
swiss worship,8173,418,Atmospheric/Calm
lagu manado,8124,618,Atmospheric/Calm
tijuana electronic,3657,973,Atmospheric/Calm
xinyao,13195,521,Atmospheric/Calm
japanese classical piano,21437,535,Atmospheric/Calm
swedish experimental,15137,218,Deep/Acoustic
russian emo,6260,348,Deep/Acoustic
swiss black metal,7174,129,Deep/Acoustic
russian post-rock,8297,232,Deep/Acoustic
swedish underground rap,11216,1041,Atmospheric/Calm
winnipeg hip hop,7790,1023,Atmospheric/Calm
avant-garde black metal,10098,106,Deep/Acoustic
classic tollywood,11191,911,Atmospheric/Calm
knoxville indie,10085,469,Atmospheric/Calm
mincecore,10953,214,Deep/Acoustic
musica sammarinese,11317,770,Atmospheric/Calm
australian hardcore,10134,216,Deep/Acoustic
forro instrumental,10800,864,Atmospheric/Calm
bajan soca,2557,1148,Atmospheric/Calm
bosnian indie,7173,797,Atmospheric/Calm
louisville underground,11820,484,Atmospheric/Calm
czech alternative rap,8421,998,Atmospheric/Calm
korean bl ost,9143,683,Atmospheric/Calm
bangalore indie,9417,659,Atmospheric/Calm
chimurenga,12786,911,Atmospheric/Calm
trash rock,9688,327,Deep/Acoustic
togolese pop,9250,1013,Atmospheric/Calm
uk diy punk,8322,294,Deep/Acoustic
cornwall indie,11392,460,Atmospheric/Calm
montana roots,12795,667,Atmospheric/Calm
brasilia indie,9527,667,Atmospheric/Calm
canadian comedy,19229,1097,Atmospheric/Calm
electronica cristiana,2791,765,Atmospheric/Calm
deep dance pop,3957,763,Atmospheric/Calm
yemeni pop,11403,885,Atmospheric/Calm
modern big band,15572,700,Atmospheric/Calm
bagpipe marching band,13416,291,Deep/Acoustic
gospel soul,15110,667,Atmospheric/Calm
muzica usoara,14180,588,Atmospheric/Calm
brazilian death metal,10733,165,Deep/Acoustic
krajiska muzika,11206,642,Atmospheric/Calm
spanish experimental,15471,313,Deep/Acoustic
tribute,9106,721,Atmospheric/Calm
german classical piano,21712,680,Atmospheric/Calm
musica paranaense,12252,781,Atmospheric/Calm
london on indie,8212,386,Deep/Acoustic
japanese bedroom pop,9756,881,Atmospheric/Calm
kannada bhava geethe,15348,929,Atmospheric/Calm
german hardcore,7297,368,Deep/Acoustic
dresden indie,10109,486,Atmospheric/Calm
hi-tech,2935,515,Atmospheric/Calm
psychedelic space rock,11894,133,Deep/Acoustic
australian jazz,18440,781,Atmospheric/Calm
pre-war blues,21975,1170,Atmospheric/Calm
polka nortena,13684,1034,Atmospheric/Calm
slovak electronic,1527,1170,Atmospheric/Calm
hausa pop,11341,1084,Atmospheric/Calm
indonesian hyperpop,4542,779,Atmospheric/Calm
oslo indie,10220,437,Atmospheric/Calm
college marching band,17709,700,Atmospheric/Calm
black death,11748,87,Deep/Acoustic
cascadian black metal,11526,34,Deep/Acoustic
latino comedy,16189,996,Atmospheric/Calm
classical trumpet,18686,576,Atmospheric/Calm
raspe,8816,1146,Atmospheric/Calm
beach music,9843,677,Atmospheric/Calm
italian death metal,7854,167,Deep/Acoustic
polyphonies corses,17663,335,Deep/Acoustic
dikir barat,6487,887,Atmospheric/Calm
icelandic post-punk,6087,495,Atmospheric/Calm
second line,11428,870,Atmospheric/Calm
finnish metalcore,2951,179,Deep/Acoustic
stuttgart indie,8521,495,Atmospheric/Calm
cascadia psych,12998,439,Atmospheric/Calm
texas death metal,10880,170,Deep/Acoustic
deep melodic death metal,4383,220,Deep/Acoustic
bornehistorier,16920,1106,Atmospheric/Calm
hjemmesnekk,4211,1064,Atmospheric/Calm
canadian black metal,10006,64,Deep/Acoustic
polish thrash metal,7510,209,Deep/Acoustic
seattle metal,10202,156,Deep/Acoustic
muzica moldoveneasca,6324,949,Atmospheric/Calm
d-beat,10587,76,Deep/Acoustic
nyc metal,10055,122,Deep/Acoustic
finnish electro,3385,795,Atmospheric/Calm
acousmatic,19784,456,Atmospheric/Calm
backing track,4111,1005,Atmospheric/Calm
mindfulness,19667,83,Deep/Acoustic
traditional funk,11464,858,Atmospheric/Calm
michigan folk,14515,724,Atmospheric/Calm
breaks,2002,1064,Atmospheric/Calm
dessin anime,9831,703,Atmospheric/Calm
irish banjo,16745,877,Atmospheric/Calm
ukrainian black metal,9500,64,Deep/Acoustic
igbo traditional,13504,1139,Atmospheric/Calm
malmo indie,8595,382,Deep/Acoustic
latvian rock,5386,540,Atmospheric/Calm
finnish worship,9157,599,Atmospheric/Calm
german stoner rock,11502,249,Deep/Acoustic
deep funk,9418,957,Atmospheric/Calm
musica de intervencao,16026,758,Atmospheric/Calm
rap gaucho,10445,1056,Atmospheric/Calm
danish death metal,6690,149,Deep/Acoustic
mexican death metal,11136,188,Deep/Acoustic
dub metal,8644,335,Deep/Acoustic
milwaukee indie,10527,427,Atmospheric/Calm
cantonese worship,14599,473,Atmospheric/Calm
lasten satuja,16394,1230,Atmospheric/Calm
musique nigerienne,11742,915,Atmospheric/Calm
indonesian deathcore,5272,264,Deep/Acoustic
kabyle moderne,6073,790,Atmospheric/Calm
russian old school hip hop,10146,1034,Atmospheric/Calm
street punk,9279,255,Deep/Acoustic
algerian folk,17680,708,Atmospheric/Calm
underground grunge,10892,277,Deep/Acoustic
japanese classical performance,21036,382,Deep/Acoustic
classical soprano,22110,341,Deep/Acoustic
ua trap,4695,986,Atmospheric/Calm
sevilla indie,5705,462,Atmospheric/Calm
reggae tico,6817,1117,Atmospheric/Calm
zenonesque,979,1202,Atmospheric/Calm
old school nederhop,6072,1040,Atmospheric/Calm
pinoy edm,2977,905,Atmospheric/Calm
cymraeg,13838,621,Atmospheric/Calm
slovak indie,9106,571,Atmospheric/Calm
afrikaans gqom,1605,1235,Atmospheric/Calm
noel quebecois,14685,533,Atmospheric/Calm
odia bhajan,14921,758,Atmospheric/Calm
turkish classical performance,21425,537,Atmospheric/Calm
rwandan gospel,11832,561,Atmospheric/Calm
kuduro antigo,2951,1240,Atmospheric/Calm
swedish blues,11181,607,Atmospheric/Calm
turkish classical,19901,447,Atmospheric/Calm
rap abc paulista,12004,1041,Atmospheric/Calm
polish techno,840,1233,Atmospheric/Calm
rock campineiro,8571,443,Atmospheric/Calm
italian jazz fusion,12116,832,Atmospheric/Calm
neo grime,4208,627,Atmospheric/Calm
algorave,4689,788,Atmospheric/Calm
canadian rockabilly,14390,680,Atmospheric/Calm
cardiff indie,10773,456,Atmospheric/Calm
zambian gospel,9456,788,Atmospheric/Calm
cornish folk,17592,795,Atmospheric/Calm
japanese post-punk,7002,497,Atmospheric/Calm
hard rock mexicano,6321,337,Deep/Acoustic
kansas hip hop,10109,1017,Atmospheric/Calm
spanish jazz,18673,851,Atmospheric/Calm
south dakota indie,8533,416,Atmospheric/Calm
adivasi pop,2960,866,Atmospheric/Calm
kokborok pop,7545,858,Atmospheric/Calm
fuji,12846,1092,Atmospheric/Calm
historic piano performance,22443,454,Atmospheric/Calm
melbourne hip hop,10196,1007,Atmospheric/Calm
portuguese indie rock,7906,473,Atmospheric/Calm
malagasy folk,12215,899,Atmospheric/Calm
french oi,6879,394,Deep/Acoustic
arizona punk,8309,331,Deep/Acoustic
musica colombiana instrumental,14934,883,Atmospheric/Calm
russian romance,18469,599,Atmospheric/Calm
japanese death metal,7522,134,Deep/Acoustic
rautalanka,9770,479,Atmospheric/Calm
gabonese pop,9189,1013,Atmospheric/Calm
rock cearense,7039,390,Deep/Acoustic
heligonka,10171,689,Atmospheric/Calm
greek folk,15560,741,Atmospheric/Calm
lounge house,8101,988,Atmospheric/Calm
mexican experimental,12512,528,Atmospheric/Calm
northwest china indie,9404,581,Atmospheric/Calm
mexican hardcore,8419,291,Deep/Acoustic
singaporean indie,10919,412,Atmospheric/Calm
baja indie,7969,627,Atmospheric/Calm
jazz flute,17780,939,Atmospheric/Calm
liechtenstein,16786,196,Deep/Acoustic
german post-punk,6616,396,Deep/Acoustic
native american hip hop,8765,1021,Atmospheric/Calm
deep psychobilly,10097,492,Atmospheric/Calm
classical jazz fusion,17353,777,Atmospheric/Calm
go-go,7533,996,Atmospheric/Calm
sesotho hip hop,9830,975,Atmospheric/Calm
uzbek hip hop,5113,1084,Atmospheric/Calm
muzica populara,18147,618,Atmospheric/Calm
perth hip hop,8114,1064,Atmospheric/Calm
anthem,17095,443,Atmospheric/Calm
bulgarian r&b,5896,984,Atmospheric/Calm
lawrence ks indie,11661,471,Atmospheric/Calm
death doom,10551,74,Deep/Acoustic
bal-musette,15233,1030,Atmospheric/Calm
dutch death metal,10330,138,Deep/Acoustic
deep darkpsy,1037,821,Atmospheric/Calm
rock paraibano,8186,568,Atmospheric/Calm
balinese traditional,16832,726,Atmospheric/Calm
kritika,17388,615,Atmospheric/Calm
doomcore,2463,561,Atmospheric/Calm
ugandan gospel,8025,866,Atmospheric/Calm
australian post-rock,11441,292,Deep/Acoustic
metal catala,6248,258,Deep/Acoustic
musica eletronica brasileira,3711,1070,Atmospheric/Calm
native american spiritual,14541,975,Atmospheric/Calm
schwyzerorgeli,14576,748,Atmospheric/Calm
khmer,13775,670,Atmospheric/Calm
italian pop punk,3098,358,Deep/Acoustic
canadian drill,6425,1110,Atmospheric/Calm
old school uk hip hop,2569,1170,Atmospheric/Calm
indian metal,6309,232,Deep/Acoustic
ethiopian hip hop,8515,1097,Atmospheric/Calm
murga,15510,899,Atmospheric/Calm
tigrigna pop,12724,746,Atmospheric/Calm
hull indie,7755,433,Atmospheric/Calm
grunneger muziek,11581,718,Atmospheric/Calm
power noise,2572,601,Atmospheric/Calm
musica etnica,13713,604,Atmospheric/Calm
norwegian doom metal,10269,192,Deep/Acoustic
whale song,19112,0,Deep/Acoustic
danish punk,8923,335,Deep/Acoustic
hardcore breaks,1227,967,Atmospheric/Calm
ostschlager,14860,609,Atmospheric/Calm
new tejano,7768,841,Atmospheric/Calm
beninese pop,10233,984,Atmospheric/Calm
prog quebec,13849,503,Atmospheric/Calm
black speed metal,9537,88,Deep/Acoustic
japanese techno,1355,1141,Atmospheric/Calm
swedish post-punk,7743,435,Atmospheric/Calm
prepared piano,16423,683,Atmospheric/Calm
norman ok indie,11588,429,Atmospheric/Calm
australian death metal,8972,138,Deep/Acoustic
german renaissance,21755,229,Deep/Acoustic
brass ensemble,20748,492,Atmospheric/Calm
dundee indie,10060,392,Deep/Acoustic
taiwanese indigenous music,14774,609,Atmospheric/Calm
deep punk rock,10687,400,Atmospheric/Calm
classic sudanese pop,13971,721,Atmospheric/Calm
rap sureno chileno,11041,1053,Atmospheric/Calm
estonian indie,10121,479,Atmospheric/Calm
chaabi algerien,18004,734,Atmospheric/Calm
balkan folk metal,7347,229,Deep/Acoustic
hypnosis,19959,227,Deep/Acoustic
fado antigo,20322,734,Atmospheric/Calm
comptine africaine,13442,1166,Atmospheric/Calm
argentine jazz,17738,847,Atmospheric/Calm
finnish folk,14847,524,Atmospheric/Calm
xhosa hip hop,9176,1094,Atmospheric/Calm
goa hip hop,8285,1079,Atmospheric/Calm
jumptek,714,1182,Atmospheric/Calm
musique mahoraise,9114,1049,Atmospheric/Calm
surinamese hip hop,7447,1166,Atmospheric/Calm
serbian indie,8174,524,Atmospheric/Calm
medieval black metal,11002,83,Deep/Acoustic
punk mexicano,11063,317,Deep/Acoustic
meenawati,6904,923,Atmospheric/Calm
mongolian folk,17370,376,Deep/Acoustic
persian neo-traditional,18845,540,Atmospheric/Calm
swedish pop punk,9206,229,Deep/Acoustic
russian experimental electronic,6253,839,Atmospheric/Calm
jazz accordion,15976,860,Atmospheric/Calm
australian post-punk,10391,344,Deep/Acoustic
hampton roads indie,10036,435,Atmospheric/Calm
indie salvadoreno,7223,804,Atmospheric/Calm
saraiki pop,11783,765,Atmospheric/Calm
contemporary choir,22085,113,Deep/Acoustic
norwegian psychedelic,11222,266,Deep/Acoustic
west yorkshire indie,9947,354,Deep/Acoustic
uk rockabilly,10208,786,Atmospheric/Calm
cambodian rock,14660,528,Atmospheric/Calm
harmonica jazz,17750,891,Atmospheric/Calm
chilean metal,9896,251,Deep/Acoustic
nisiotika,15070,607,Atmospheric/Calm
kerkkoor,21888,21,Deep/Acoustic
scottish indie folk,14525,427,Atmospheric/Calm
deep vocal jazz,18919,839,Atmospheric/Calm
juju,13516,1101,Atmospheric/Calm
japanese progressive house,1355,862,Atmospheric/Calm
czech electronic,2499,1028,Atmospheric/Calm
orquesta tropical,10555,1097,Atmospheric/Calm
czsk electropop,5513,845,Atmospheric/Calm
mexican classical,21816,568,Atmospheric/Calm
cocuk masallari,16832,1075,Atmospheric/Calm
rap salvadoreno,5806,1135,Atmospheric/Calm
symphonic melodic death metal,4746,117,Deep/Acoustic
experimental psych,15722,274,Deep/Acoustic
icelandic jazz,16764,783,Atmospheric/Calm
bloco,9600,903,Atmospheric/Calm
dansk lovsang,11634,573,Atmospheric/Calm
musiikkia lapista,11305,736,Atmospheric/Calm
neo soul-jazz,6990,933,Atmospheric/Calm
indie michoacano,7237,581,Atmospheric/Calm
bulgarian electronic,738,1328,Atmospheric/Calm
turkmen pop,8485,774,Atmospheric/Calm
carnatic instrumental,17896,851,Atmospheric/Calm
baltic folk,11418,694,Atmospheric/Calm
icelandic metal,9439,178,Deep/Acoustic
rock goiano,7498,341,Deep/Acoustic
chinese electronic,5377,819,Atmospheric/Calm
konkani pop,12847,758,Atmospheric/Calm
chennai indie,7372,689,Atmospheric/Calm
chant basque,15058,573,Atmospheric/Calm
christian deathcore,6124,203,Deep/Acoustic
lao hip hop,8311,824,Atmospheric/Calm
classic tunisian pop,16085,576,Atmospheric/Calm
maltese pop,5273,624,Atmospheric/Calm
blackened hardcore,9843,88,Deep/Acoustic
scottish gaelic folk,16564,533,Atmospheric/Calm
steel guitar,14983,854,Atmospheric/Calm
chabad niggunim,15430,604,Atmospheric/Calm
norwegian experimental,13922,350,Deep/Acoustic
slovenian folk,13640,973,Atmospheric/Calm
coventry indie,4822,547,Atmospheric/Calm
quarteto gospel,14290,449,Atmospheric/Calm
arpa grande,12240,943,Atmospheric/Calm
musica sul-mato-grossense,10271,815,Atmospheric/Calm
nz jazz,14884,808,Atmospheric/Calm
string quartet,21693,350,Deep/Acoustic
burundian pop,7630,1040,Atmospheric/Calm
malaysian metal,8000,277,Deep/Acoustic
free folk,17504,337,Deep/Acoustic
honky-tonk piano,15336,963,Atmospheric/Calm
musica andorra,2229,1094,Atmospheric/Calm
britcore,2265,1134,Atmospheric/Calm
mezwed,11279,708,Atmospheric/Calm
modular techno,1342,1099,Atmospheric/Calm
gotlandsk musik,14451,540,Atmospheric/Calm
meyxana,6903,1034,Atmospheric/Calm
sean-nos singing,20468,795,Atmospheric/Calm
old school ebm,1417,1045,Atmospheric/Calm
mluvene slovo,18323,1071,Atmospheric/Calm
skinhead oi,10008,317,Deep/Acoustic
basque folk,15263,781,Atmospheric/Calm
igbo worship,9718,975,Atmospheric/Calm
gospel blues,20434,1007,Atmospheric/Calm
deep sunset lounge,7718,646,Atmospheric/Calm
detski pesnichki,12537,982,Atmospheric/Calm
ukrainian ccm,9635,499,Atmospheric/Calm
musique mandingue,13819,1002,Atmospheric/Calm
nueva ola peruana,13651,581,Atmospheric/Calm
scottish fiddle,18147,435,Atmospheric/Calm
welsh folk,16577,783,Atmospheric/Calm
weightless,5999,830,Atmospheric/Calm
spanish renaissance,21999,346,Deep/Acoustic
danish experimental,13812,410,Atmospheric/Calm
portuguese black metal,8358,101,Deep/Acoustic
swiss jazz,16777,815,Atmospheric/Calm
nu electro,1478,1219,Atmospheric/Calm
heavy gothic rock,6149,376,Deep/Acoustic
lao pop,6110,923,Atmospheric/Calm
tavern,13343,556,Atmospheric/Calm
iowa indie,12561,475,Atmospheric/Calm
north alabama indie,10970,593,Atmospheric/Calm
bohemian baroque,20797,333,Deep/Acoustic
banjara pop,8639,913,Atmospheric/Calm
dubstep product,2382,837,Atmospheric/Calm
rap norteno chileno,11179,1045,Atmospheric/Calm
japanoise,13209,296,Deep/Acoustic
uae indie,5999,724,Atmospheric/Calm
indie cantabria,7485,535,Atmospheric/Calm
epic black metal,8540,57,Deep/Acoustic
israeli metal,7829,205,Deep/Acoustic
inuit pop,9994,777,Atmospheric/Calm
nz hardcore,7633,214,Deep/Acoustic
spanish electropop,2030,925,Atmospheric/Calm
yorkshire folk,17241,729,Atmospheric/Calm
georgian folk,20451,312,Deep/Acoustic
drikkelek,2835,1028,Atmospheric/Calm
geinin song,5591,760,Atmospheric/Calm
japanese prog,12264,398,Deep/Acoustic
garage rock mexicano,5977,333,Deep/Acoustic
progressive black metal,9142,111,Deep/Acoustic
korean metal,6741,382,Deep/Acoustic
classic afrobeat,13274,1000,Atmospheric/Calm
boston electronic,2338,1126,Atmospheric/Calm
brazilian lo-fi rock,10367,277,Deep/Acoustic
cambridge choir,21828,181,Deep/Acoustic
haur kantak,13516,1017,Atmospheric/Calm
afrikaans gospel,12203,540,Atmospheric/Calm
musica purepecha,10258,868,Atmospheric/Calm
albanian alternative,6061,779,Atmospheric/Calm
birthday,7039,957,Atmospheric/Calm
wind symphony,20953,414,Atmospheric/Calm
italian stoner rock,10587,176,Deep/Acoustic
kaseko,12896,951,Atmospheric/Calm
taiwan metal,4834,183,Deep/Acoustic
serbian alternative rock,8050,533,Atmospheric/Calm
chinese metalcore,3565,247,Deep/Acoustic
sebene,9660,874,Atmospheric/Calm
sulawesi indie,5465,689,Atmospheric/Calm
japanese choir,18556,615,Atmospheric/Calm
barnasogur,16628,1106,Atmospheric/Calm
slaskie piosenki,4939,748,Atmospheric/Calm
funeral doom,11357,50,Deep/Acoustic
swedish rock-and-roll,11528,659,Atmospheric/Calm
duduk,16628,390,Deep/Acoustic
musica wixarika,12760,1097,Atmospheric/Calm
industrial black metal,6517,133,Deep/Acoustic
polka,14107,813,Atmospheric/Calm
screamocore,6739,229,Deep/Acoustic
comfy synth,13983,354,Deep/Acoustic
fado de coimbra,20602,697,Atmospheric/Calm
university choir,21632,181,Deep/Acoustic
classical saxophone,20427,358,Deep/Acoustic
banda de viento,12887,1084,Atmospheric/Calm
georgian electronic,2290,1106,Atmospheric/Calm
psytech,524,1340,Unknown
bleakgaze,9180,120,Deep/Acoustic
finnish idol pop,8775,508,Atmospheric/Calm
taiwanese pop,9242,549,Atmospheric/Calm
guam indie,10837,872,Atmospheric/Calm
galician jazz,16219,663,Atmospheric/Calm
musica guineense,9567,1058,Atmospheric/Calm
nova musica amazonense,8638,549,Atmospheric/Calm
swansea indie,8260,339,Deep/Acoustic
rap guineen,10945,1094,Atmospheric/Calm
seggae,6249,1144,Atmospheric/Calm
maracatu,13047,990,Atmospheric/Calm
pohadky,17884,1182,Atmospheric/Calm
vintage taiwan pop,18001,425,Atmospheric/Calm
old-time fiddle,16349,708,Atmospheric/Calm
psicodelia mexicana,8763,281,Deep/Acoustic
deep discofox,2060,817,Atmospheric/Calm
maloya,11955,1017,Atmospheric/Calm
afro-cuban traditional,15576,1132,Atmospheric/Calm
musica brasiliense,12811,802,Atmospheric/Calm
telugu hip hop,5818,1135,Atmospheric/Calm
slovenian hip hop,11303,1079,Atmospheric/Calm
south carolina metal,9672,165,Deep/Acoustic
rondalla,16803,795,Atmospheric/Calm
choro contemporaneo,16774,979,Atmospheric/Calm
siberian folk,10689,731,Atmospheric/Calm
polish ambient,13071,335,Deep/Acoustic
heavy psych,11429,194,Deep/Acoustic
russian folk metal,5990,209,Deep/Acoustic
cajun,14676,802,Atmospheric/Calm
irish techno,1158,1177,Atmospheric/Calm
experimental black metal,11465,127,Deep/Acoustic
wellington indie,11256,481,Atmospheric/Calm
shakuhachi,21547,306,Deep/Acoustic
muzica lautareasca,17621,753,Atmospheric/Calm
kinderliedjies,13200,992,Atmospheric/Calm
hammered dulcimer,15663,683,Atmospheric/Calm
faroese rock,6469,325,Deep/Acoustic
belgian blues,11255,716,Atmospheric/Calm
korean hyperpop,4608,915,Atmospheric/Calm
icelandic black metal,9154,52,Deep/Acoustic
ambient fusion,5249,927,Atmospheric/Calm
classical organ,19901,52,Deep/Acoustic
finnish blues,11455,624,Atmospheric/Calm
hot jazz,20456,1019,Atmospheric/Calm
starogradska,16202,481,Atmospheric/Calm
war metal,11441,31,Deep/Acoustic
adelaide punk,8074,291,Deep/Acoustic
kashmiri hip hop,12104,1086,Atmospheric/Calm
progressive technical death metal,8861,161,Deep/Acoustic
traditional bluegrass,14033,770,Atmospheric/Calm
tennessee experimental,13540,408,Atmospheric/Calm
khasi pop,7261,793,Atmospheric/Calm
panamanian indie,7706,615,Atmospheric/Calm
jazzcore,12338,462,Atmospheric/Calm
oriental classical,21522,348,Deep/Acoustic
yu-mex,13726,519,Atmospheric/Calm
musica chiapaneca,10109,1146,Atmospheric/Calm
musica indigena brasileira,13672,885,Atmospheric/Calm
austrian techno,672,1223,Atmospheric/Calm
scottish jazz,18072,815,Atmospheric/Calm
goa trance,672,895,Atmospheric/Calm
sludgecore,10831,95,Deep/Acoustic
atmospheric post-rock,11100,247,Deep/Acoustic
mexican thrash metal,10674,270,Deep/Acoustic
mevlevi sufi,18440,454,Atmospheric/Calm
hard glam,6297,275,Deep/Acoustic
burkinabe pop,11541,1032,Atmospheric/Calm
musica otavalena,7981,786,Atmospheric/Calm
indian jazz,15423,810,Atmospheric/Calm
nova musica maranhense,9014,847,Atmospheric/Calm
acid idm,2027,1079,Atmospheric/Calm
polish modern jazz,17329,596,Atmospheric/Calm
mexican post-rock,10625,308,Deep/Acoustic
hazaragi pop,11704,977,Atmospheric/Calm
estonian folk,13920,670,Atmospheric/Calm
pittsburgh indie rock,8899,374,Deep/Acoustic
chamorro pop,12018,858,Atmospheric/Calm
aggro chileno,7767,445,Atmospheric/Calm
melodic doom,7198,133,Deep/Acoustic
greek indie rock,7162,506,Atmospheric/Calm
french stoner rock,10354,220,Deep/Acoustic
lapland hip hop,7851,1019,Atmospheric/Calm
italian emo,8788,287,Deep/Acoustic
rap mocambicana,11529,1047,Atmospheric/Calm
native american metal,8540,260,Deep/Acoustic
hypnotic techno,2131,1011,Atmospheric/Calm
vietnamese electronic,6867,909,Atmospheric/Calm
dambora,15082,1002,Atmospheric/Calm
shanghai indie,12056,469,Atmospheric/Calm
viola da gamba,20690,296,Deep/Acoustic
convent,22122,156,Deep/Acoustic
deep psytrance,1282,1125,Atmospheric/Calm
poznan indie,7224,469,Atmospheric/Calm
serbian folk,14798,547,Atmospheric/Calm
surabaya indie,7188,331,Deep/Acoustic
triangle indie,11185,356,Deep/Acoustic
french emo,10624,174,Deep/Acoustic
portuguese jazz,17914,700,Atmospheric/Calm
slovenian metal,6136,187,Deep/Acoustic
haryanvi ragni,15584,947,Atmospheric/Calm
indie canario,8885,588,Atmospheric/Calm
son jarocho,15149,1038,Atmospheric/Calm
japanese concert band,18732,356,Deep/Acoustic
lovecraftian metal,9094,145,Deep/Acoustic
classic psychedelic rock,13219,477,Atmospheric/Calm
reading,16686,1377,Atmospheric/Calm
deep downtempo fusion,5101,1026,Atmospheric/Calm
ngoni,13745,1023,Atmospheric/Calm
dicsoites,11280,547,Atmospheric/Calm
austrian jazz,17183,828,Atmospheric/Calm
cape breton folk,16151,563,Atmospheric/Calm
ambient industrial,14507,212,Deep/Acoustic
guzheng,20660,815,Atmospheric/Calm
namibian pop,5224,1071,Atmospheric/Calm
latin shoegaze,7842,198,Deep/Acoustic
rap euskera,12375,1077,Atmospheric/Calm
dutch classical piano,21864,528,Atmospheric/Calm
german post-rock,8236,420,Atmospheric/Calm
bosnian electronic,1330,1210,Atmospheric/Calm
banda militar,18001,571,Atmospheric/Calm
protest folk,20836,1092,Atmospheric/Calm
belgian contemporary classical,21194,456,Atmospheric/Calm
classical mandolin,17914,1009,Atmospheric/Calm
bluegrass fiddle,15374,609,Atmospheric/Calm
belgian black metal,10660,55,Deep/Acoustic
modern string quartet,20556,331,Deep/Acoustic
free improvisation,18130,586,Atmospheric/Calm
maltese hip hop,8433,973,Atmospheric/Calm
melodic progressive metal,5728,249,Deep/Acoustic
nordnorsk rap,6187,994,Atmospheric/Calm
trap boliviano,7753,1094,Atmospheric/Calm
lastelaulud,13311,961,Atmospheric/Calm
icelandic punk,10551,437,Atmospheric/Calm
deep classic garage rock,13047,563,Atmospheric/Calm
chapman stick,14500,591,Atmospheric/Calm
gumbe,8164,1049,Atmospheric/Calm
norwegian hardcore,8382,151,Deep/Acoustic
women's choir,19608,272,Deep/Acoustic
koledy,15342,469,Atmospheric/Calm
polish psychedelia,11368,378,Deep/Acoustic
italian experimental,13059,360,Deep/Acoustic
musica queretana,12252,919,Atmospheric/Calm
australian black metal,10636,73,Deep/Acoustic
norwegian techno,1922,1094,Atmospheric/Calm
concertina,18323,945,Atmospheric/Calm
bandolim,15106,990,Atmospheric/Calm
sacred steel,13996,618,Atmospheric/Calm
metal ecuatoriano,8681,296,Deep/Acoustic
dusseldorf indie,6321,604,Atmospheric/Calm
downtempo fusion,5671,680,Atmospheric/Calm
marathi hip hop,7043,1032,Atmospheric/Calm
swedish classical,20836,596,Atmospheric/Calm
macedonian folk,12872,517,Atmospheric/Calm
boeremusiek,10861,830,Atmospheric/Calm
forest black metal,11416,50,Deep/Acoustic
swiss country,8662,674,Atmospheric/Calm
full on groove,614,1051,Atmospheric/Calm
haitian dance,7384,961,Atmospheric/Calm
finnish modern jazz,15584,621,Atmospheric/Calm
vocal ensemble,21791,231,Deep/Acoustic
chechen pop,5551,874,Atmospheric/Calm
arpa paraguaya,16072,915,Atmospheric/Calm
merida indie,6791,524,Atmospheric/Calm
latvian folk,14254,571,Atmospheric/Calm
hawaiian indie,8625,618,Atmospheric/Calm
sunset lounge,5200,1053,Atmospheric/Calm
tibetan hip hop,6236,1187,Atmospheric/Calm
deep g funk,4834,1168,Atmospheric/Calm
new hampshire indie,9832,508,Atmospheric/Calm
vaikiskos dainos,11415,1040,Atmospheric/Calm
italian black metal,9130,99,Deep/Acoustic
thai shoegaze,8049,319,Deep/Acoustic
spanish progressive rock,9291,310,Deep/Acoustic
slovenske chvaly,12747,599,Atmospheric/Calm
indiana indie,11007,501,Atmospheric/Calm
early american folk,18089,808,Atmospheric/Calm
rap ecuatoguineano,5594,1226,Atmospheric/Calm
basel indie,8359,475,Atmospheric/Calm
brazilian black metal,10966,92,Deep/Acoustic
lowercase,16774,229,Deep/Acoustic
rap malien,7584,1175,Atmospheric/Calm
korean jazz,16373,781,Atmospheric/Calm
scottish americana,14266,578,Atmospheric/Calm
rap nica,5948,1092,Atmospheric/Calm
dark minimal techno,541,1166,Unknown
arab metal,6284,163,Deep/Acoustic
rotterdam indie,9611,425,Atmospheric/Calm
death industrial,12899,104,Deep/Acoustic
musica tradicional dominicana,14058,969,Atmospheric/Calm
indonesian shoegaze,5765,236,Deep/Acoustic
finnish post-punk,7670,306,Deep/Acoustic
lagu iban,5867,786,Atmospheric/Calm
south african modern jazz,16072,683,Atmospheric/Calm
british classical piano,21364,466,Atmospheric/Calm
viet instrumental,14576,618,Atmospheric/Calm
combos nacionales,11640,1112,Atmospheric/Calm
benga,13261,1075,Atmospheric/Calm
rock caipira,8509,551,Atmospheric/Calm
medway sound,12574,473,Atmospheric/Calm
edo old school,11938,1086,Atmospheric/Calm
karbi pop,6928,756,Atmospheric/Calm
techno argentina,628,1214,Atmospheric/Calm
ukrainian metalcore,3419,240,Deep/Acoustic
folk siciliana,12971,781,Atmospheric/Calm
nyckelharpa,17475,382,Deep/Acoustic
malang punk,4880,294,Deep/Acoustic
noise,12887,167,Deep/Acoustic
via,13294,596,Atmospheric/Calm
cuban funk,14736,1002,Atmospheric/Calm
british brass band,21242,400,Atmospheric/Calm
sufi chant,17446,544,Atmospheric/Calm
brazilian metalcore,4822,257,Deep/Acoustic
experimental dub,4342,957,Atmospheric/Calm
greek punk,6419,337,Deep/Acoustic
vintage reggae,7667,1244,Atmospheric/Calm
contemporary classical piano,21376,581,Atmospheric/Calm
dutch punk,8224,313,Deep/Acoustic
finnish tango,16757,549,Atmospheric/Calm
salzburg indie,5698,781,Atmospheric/Calm
musica cearense,11143,795,Atmospheric/Calm
irish accordion,15299,760,Atmospheric/Calm
mathgrind,11624,142,Deep/Acoustic
canti alpini,19258,433,Atmospheric/Calm
bhutanese pop,12128,858,Atmospheric/Calm
frankfurt indie,7063,394,Deep/Acoustic
barrelhouse piano,20485,1079,Atmospheric/Calm
tongan pop,12560,885,Atmospheric/Calm
black sludge,11213,147,Deep/Acoustic
shoegaze chileno,7719,218,Deep/Acoustic
peruvian metal,7866,229,Deep/Acoustic
math rock latinoamericano,9712,346,Deep/Acoustic
c64,3025,765,Atmospheric/Calm
fado instrumental,17291,758,Atmospheric/Calm
danish classical,22074,312,Deep/Acoustic
rap gabonais,10233,1079,Atmospheric/Calm
rwandan hip hop,10543,1092,Atmospheric/Calm
demoscene,4454,765,Atmospheric/Calm
tajik pop,7582,872,Atmospheric/Calm
rez country,8714,703,Atmospheric/Calm
veena,18364,788,Atmospheric/Calm
power electronics,13355,122,Deep/Acoustic
musica morelense,13136,1007,Atmospheric/Calm
russian hardcore,8086,275,Deep/Acoustic
south african metal,5260,268,Deep/Acoustic
leon gto indie,7311,621,Atmospheric/Calm
indie fuzzpop,9701,537,Atmospheric/Calm
oeteldonk,14589,870,Atmospheric/Calm
chamber choir,22151,110,Deep/Acoustic
seychelles pop,6627,1094,Atmospheric/Calm
german rockabilly,11068,741,Atmospheric/Calm
djecje pjesme,9768,802,Atmospheric/Calm
folk metal latinoamericano,8776,242,Deep/Acoustic
baps,16407,858,Atmospheric/Calm
steelpan,9694,994,Atmospheric/Calm
sda choir,12464,847,Atmospheric/Calm
rio grande do sul indie,11516,686,Atmospheric/Calm
illbient,7103,751,Atmospheric/Calm
ryukoka,20105,573,Atmospheric/Calm
occult black metal,10953,29,Deep/Acoustic
lesotho traditional,6891,813,Atmospheric/Calm
denver rap,7584,1002,Atmospheric/Calm
sundanese traditional,18469,862,Atmospheric/Calm
coptic hymn,17943,503,Atmospheric/Calm
marrabenta,11167,982,Atmospheric/Calm
belgian death metal,7964,160,Deep/Acoustic
irish black metal,10672,64,Deep/Acoustic
latvian electronic,1839,1153,Atmospheric/Calm
cuatro puertorriqueno,14156,986,Atmospheric/Calm
spanish post-rock,9069,266,Deep/Acoustic
italian contemporary classical,21328,394,Deep/Acoustic
deep hardtechno,921,758,Atmospheric/Calm
tuna universitaria,15926,599,Atmospheric/Calm
neo-manele,5474,979,Atmospheric/Calm
finnish choir,22180,158,Deep/Acoustic
greek techno,945,1180,Atmospheric/Calm
uk post-metal,9855,108,Deep/Acoustic
vintage country folk,20894,984,Atmospheric/Calm
japanese dub,4369,1000,Atmospheric/Calm
qanun,16952,810,Atmospheric/Calm
trikiti,12760,1019,Atmospheric/Calm
latin surf rock,7645,398,Deep/Acoustic
japanese orchestra,18381,216,Deep/Acoustic
alternative metalcore,6702,325,Deep/Acoustic
italogaze,6977,188,Deep/Acoustic
australian classical piano,21852,517,Atmospheric/Calm
nz alternative rock,8062,348,Deep/Acoustic
guitar case,7399,639,Atmospheric/Calm
metal gaucho,7707,220,Deep/Acoustic
derry indie,11808,479,Atmospheric/Calm
lowlands hardcore,10293,231,Deep/Acoustic
chamame brasilero,10307,911,Atmospheric/Calm
ritual ambient,13881,192,Deep/Acoustic
chinese post-rock,11538,380,Deep/Acoustic
french post-rock,9749,255,Deep/Acoustic
classic australian country,14798,881,Atmospheric/Calm
yoik,15529,526,Atmospheric/Calm
german orchestra,21608,291,Deep/Acoustic
classical clarinet,20310,683,Atmospheric/Calm
russian contemporary classical,21656,335,Deep/Acoustic
galician indie,9217,559,Atmospheric/Calm
dub poetry,8152,1237,Atmospheric/Calm
dortmund indie,4964,501,Atmospheric/Calm
brno indie,12265,604,Atmospheric/Calm
myanmar gospel,12227,471,Atmospheric/Calm
ugandan hip hop,10932,1088,Atmospheric/Calm
pops orchestra,18790,296,Deep/Acoustic
belgian post-rock,10724,327,Deep/Acoustic
baroque ensemble,20468,298,Deep/Acoustic
norwegian folk,19696,449,Atmospheric/Calm
russian orchestra,21328,258,Deep/Acoustic
gaita,11718,275,Deep/Acoustic
mexican techno,1035,1166,Atmospheric/Calm
swedish fiddle,19930,392,Deep/Acoustic
macedonian electronic,933,1237,Atmospheric/Calm
italian doom metal,10030,127,Deep/Acoustic
yakut pop,6277,851,Atmospheric/Calm
brockton hip hop,11980,1023,Atmospheric/Calm
nz punk,8578,283,Deep/Acoustic
irish fiddle,19036,736,Atmospheric/Calm
finnish experimental,11343,588,Atmospheric/Calm
coldwave,4734,566,Atmospheric/Calm
portsmouth indie,8249,447,Atmospheric/Calm
romanian metal,8135,187,Deep/Acoustic
french renaissance,21401,342,Deep/Acoustic
sarod,19375,837,Atmospheric/Calm
fort wayne indie,10158,484,Atmospheric/Calm
turkish death metal,8049,156,Deep/Acoustic
volkstumliche musik,6265,799,Atmospheric/Calm
firenze indie,8595,481,Atmospheric/Calm
canadian classical piano,21946,576,Atmospheric/Calm
musica sergipana,10081,729,Atmospheric/Calm
indonesian neo-psychedelia,8583,358,Deep/Acoustic
keller synth,13939,124,Deep/Acoustic
cifteli,14601,739,Atmospheric/Calm
gothic doom,8503,253,Deep/Acoustic
tarantella,10880,680,Atmospheric/Calm
drama,16511,1377,Atmospheric/Calm
finnish hardcore,10746,249,Deep/Acoustic
quebec hardcore,7768,231,Deep/Acoustic
swedish emo,9786,185,Deep/Acoustic
swedish contemporary classical,21060,229,Deep/Acoustic
rap toscana,7471,990,Atmospheric/Calm
sotalaulut,15796,753,Atmospheric/Calm
deep filthstep,2623,726,Atmospheric/Calm
deep eurodance,2601,949,Atmospheric/Calm
brass band brasileiro,11243,895,Atmospheric/Calm
modern chamber music,19579,481,Atmospheric/Calm
south african punk,6049,724,Atmospheric/Calm
medimeisterschaften,3840,1007,Atmospheric/Calm
indie poblano,9303,528,Atmospheric/Calm
trondheim indie,9896,408,Atmospheric/Calm
israeli punk,6989,312,Deep/Acoustic
dutch underground hip hop,11889,1004,Atmospheric/Calm
chinese reggae,4074,977,Atmospheric/Calm
isle of man indie,13380,524,Atmospheric/Calm
magyar musicalek,11943,711,Atmospheric/Calm
bernu dziesmas,11317,905,Atmospheric/Calm
radio symphony,21242,283,Deep/Acoustic
decije pesme,10296,1047,Atmospheric/Calm
re:techno,44,1162,Hyper/Electronic
raw black metal,10452,76,Deep/Acoustic
metal paranaense,8800,214,Deep/Acoustic
oulu indie,8836,376,Deep/Acoustic
ancient mediterranean,19082,832,Atmospheric/Calm
ohangla,12986,1045,Atmospheric/Calm
idol game,2452,364,Deep/Acoustic
cello ensemble,21206,225,Deep/Acoustic
indie paraense,8472,744,Atmospheric/Calm
rap alagoano,8384,1071,Atmospheric/Calm
musica prehispanica,12634,795,Atmospheric/Calm
taiwan classical performance,20330,526,Atmospheric/Calm
clawhammer banjo,17154,921,Atmospheric/Calm
romanian punk,6112,512,Atmospheric/Calm
missouri indie,12413,526,Atmospheric/Calm
spanish classical piano,21975,561,Atmospheric/Calm
polish experimental electronic,9515,624,Atmospheric/Calm
italian hardcore,10440,229,Deep/Acoustic
classic latvian pop,14205,772,Atmospheric/Calm
jazz dominicano,13224,982,Atmospheric/Calm
botswana hip hop,11828,1049,Atmospheric/Calm
shib,5606,1079,Atmospheric/Calm
electroacoustic improvisation,16318,384,Deep/Acoustic
west virginia metal,9859,231,Deep/Acoustic
lute,21391,903,Atmospheric/Calm
indie boliviano,7545,739,Atmospheric/Calm
oratory,20047,1157,Atmospheric/Calm
austrian punk,5443,325,Deep/Acoustic
karen pop,9089,832,Atmospheric/Calm
syro-aramaic chant,20000,352,Deep/Acoustic
chill-out trance,3594,630,Atmospheric/Calm
balalaika,18235,700,Atmospheric/Calm
vintage norwegian pop,19316,839,Atmospheric/Calm
kompa chretien,8387,729,Atmospheric/Calm
instrumental death metal,6456,207,Deep/Acoustic
mizo gospel,12154,420,Atmospheric/Calm
bern indie,8424,703,Atmospheric/Calm
san antonio indie,9352,410,Atmospheric/Calm
rap sergipano,10134,1017,Atmospheric/Calm
japanese melodic hardcore,5346,238,Deep/Acoustic
fisarmonica,12772,1011,Atmospheric/Calm
jug band,20514,1038,Atmospheric/Calm
drone rock,13092,127,Deep/Acoustic
post-punk brasileiro,5256,445,Atmospheric/Calm
musica folk asturiana,13022,386,Deep/Acoustic
swedish ebm,989,941,Atmospheric/Calm
french rock-and-roll,14811,686,Atmospheric/Calm
oxford choir,21571,145,Deep/Acoustic
lombok indie,7618,549,Atmospheric/Calm
tamburica,14823,506,Atmospheric/Calm
austrian stoner rock,9623,300,Deep/Acoustic
luxembourgian pop,12535,817,Atmospheric/Calm
modern mod,7075,412,Atmospheric/Calm
reggae boliviano,5051,897,Atmospheric/Calm
tuvan folk,17358,443,Atmospheric/Calm
canadian shoegaze,8407,163,Deep/Acoustic
hong kong tv drama,8460,694,Atmospheric/Calm
chinese new year,8790,703,Atmospheric/Calm
skweee,2557,1242,Atmospheric/Calm
diy pop punk,6309,327,Deep/Acoustic
italian classical piano,21681,576,Atmospheric/Calm
swedish choir,21644,156,Deep/Acoustic
muzica bisericeasca,21975,292,Deep/Acoustic
galway indie,13072,515,Atmospheric/Calm
new england hardcore,10527,220,Deep/Acoustic
rock catracho,8739,515,Atmospheric/Calm
chinese metal,5063,287,Deep/Acoustic
neo-trad prog,9847,302,Deep/Acoustic
iraqi hip hop,11440,1030,Atmospheric/Calm
jazz chileno,16301,756,Atmospheric/Calm
bosstown sound,13552,578,Atmospheric/Calm
japanese black metal,9945,69,Deep/Acoustic
rominimal,73,1500,Hyper/Electronic
ohio hardcore,11478,223,Deep/Acoustic
hungarian contemporary classical,21449,396,Deep/Acoustic
finnish psychedelic rock,11514,238,Deep/Acoustic
rap paraguayo,6200,1130,Atmospheric/Calm
hypertrance,9278,462,Atmospheric/Calm
canzone siciliane,9382,895,Atmospheric/Calm
christian death metal,6778,194,Deep/Acoustic
irish contemporary classical,19633,368,Deep/Acoustic
swazi pop,8038,959,Atmospheric/Calm
australian shoegaze,8668,156,Deep/Acoustic
nubian traditional,13528,887,Atmospheric/Calm
classic ukrainian pop,14427,561,Atmospheric/Calm
staff band,21620,231,Deep/Acoustic
traditional southern folk,19959,1005,Atmospheric/Calm
rock alagoano,6778,559,Atmospheric/Calm
indie sudcaliforniano,8753,758,Atmospheric/Calm
trap kreyol,6954,1128,Atmospheric/Calm
catalan folk,18016,786,Atmospheric/Calm
jazz tico,15275,813,Atmospheric/Calm
russian black metal,8613,50,Deep/Acoustic
ringtone,9326,830,Atmospheric/Calm
danish folk,16745,583,Atmospheric/Calm
singaporean metal,10904,176,Deep/Acoustic
muzica ardeleneasca,17424,571,Atmospheric/Calm
russian choir,22326,88,Deep/Acoustic
cuban electronic,1929,953,Atmospheric/Calm
austrian orchestra,21376,350,Deep/Acoustic
icelandic traditional,18159,549,Atmospheric/Calm
bulgarian folk,18644,362,Deep/Acoustic
kannada indie,7668,915,Atmospheric/Calm
musica piauiense,11667,860,Atmospheric/Calm
kol isha,11369,586,Atmospheric/Calm
terrorcore,1403,815,Atmospheric/Calm
lagu maluku,11393,642,Atmospheric/Calm
houston indie,10048,410,Atmospheric/Calm
rap nortista,12240,1026,Atmospheric/Calm
cathedral choir,22036,71,Deep/Acoustic
folclore portugues,12761,781,Atmospheric/Calm
croatian metal,5468,285,Deep/Acoustic
svensk indie,9315,431,Atmospheric/Calm
paraguayan indie,7631,655,Atmospheric/Calm
musique urbaine brazzaville,10982,1066,Atmospheric/Calm
cumbia funk,13010,1026,Atmospheric/Calm
industrial hardcore,2557,544,Atmospheric/Calm
pilates,16160,372,Deep/Acoustic
armenian indie,11710,528,Atmospheric/Calm
zarzuela,21352,481,Atmospheric/Calm
korean musicals,15400,394,Deep/Acoustic
faroese folk,16832,591,Atmospheric/Calm
libyan hip hop,12264,1062,Atmospheric/Calm
russian power metal,4525,247,Deep/Acoustic
tibetan traditional,18352,499,Atmospheric/Calm
viet edm,3080,845,Atmospheric/Calm
chamber ensemble,21279,348,Deep/Acoustic
polish post-rock,8656,270,Deep/Acoustic
indian ambient,12362,346,Deep/Acoustic
deep hardcore,1870,856,Atmospheric/Calm
belgian punk,5566,264,Deep/Acoustic
new jack smooth,5921,893,Atmospheric/Calm
mountain dulcimer,18586,849,Atmospheric/Calm
pontian folk,16540,607,Atmospheric/Calm
musica campista,9933,650,Atmospheric/Calm
turkish experimental,13404,378,Deep/Acoustic
deep melodic metalcore,6629,268,Deep/Acoustic
arkansas metal,9684,196,Deep/Acoustic
japanese hardcore,10831,194,Deep/Acoustic
wisconsin metal,7420,221,Deep/Acoustic
paracana,12524,576,Atmospheric/Calm
italo beats,977,977,Atmospheric/Calm
dub product,5718,1296,Atmospheric/Calm
pinoy shoegaze,9132,312,Deep/Acoustic
prague indie,8947,526,Atmospheric/Calm
jazz tuba,17224,832,Atmospheric/Calm
norwegian punk,10308,358,Deep/Acoustic
native american black metal,10819,110,Deep/Acoustic
irish flute,18878,581,Atmospheric/Calm
baton rouge indie,10650,443,Atmospheric/Calm
guitarra portuguesa,18101,832,Atmospheric/Calm
tabla,14896,996,Atmospheric/Calm
wuhan indie,9365,466,Atmospheric/Calm
indian violin,18569,788,Atmospheric/Calm
dansk comedy,16482,1115,Atmospheric/Calm
colombian hardcore,7988,291,Deep/Acoustic
horror punk brasileiro,7359,292,Deep/Acoustic
colorado hardcore,9218,231,Deep/Acoustic
new brunswick indie,11808,571,Atmospheric/Calm
chinese post-punk,7436,392,Deep/Acoustic
grisly death metal,8322,147,Deep/Acoustic
indie psychedelic rock,11149,264,Deep/Acoustic
dungeon rap,4466,783,Atmospheric/Calm
swedish grindcore,10526,81,Deep/Acoustic
avant-rock,12498,471,Atmospheric/Calm
colombian electronic,1405,1071,Atmospheric/Calm
vintage french psychedelic,14725,578,Atmospheric/Calm
bulgarian indie,8112,609,Atmospheric/Calm
animegrind,7743,183,Deep/Acoustic
musique mauritanienne,12203,980,Atmospheric/Calm
hungarian classical piano,22423,533,Atmospheric/Calm
neo-industrial rock,2133,449,Atmospheric/Calm
goa psytrance,716,990,Atmospheric/Calm
finnish electronic,3448,961,Atmospheric/Calm
modern electroacoustic,16231,247,Deep/Acoustic
chinese classical,21291,329,Deep/Acoustic
guatemalan metal,9611,232,Deep/Acoustic
musica menorquina,14651,739,Atmospheric/Calm
indie hidalguense,9540,667,Atmospheric/Calm
poetry,16745,1354,Atmospheric/Calm
kinderchor,15926,795,Atmospheric/Calm
tar,19813,753,Atmospheric/Calm
deep jazz fusion,12203,724,Atmospheric/Calm
nagaland indie,8878,744,Atmospheric/Calm
australian thrash metal,9255,258,Deep/Acoustic
italian post-rock,11538,192,Deep/Acoustic
hardingfele,19959,319,Deep/Acoustic
vintage spanish pop,19930,841,Atmospheric/Calm
dechovka,19258,810,Atmospheric/Calm
trekkspill,14168,674,Atmospheric/Calm
south sudanese pop,5854,1081,Atmospheric/Calm
musica ecuatoguineana,11717,1011,Atmospheric/Calm
irish underground rap,11877,959,Atmospheric/Calm
japanese buddhist chant,17651,360,Deep/Acoustic
christian thrash metal,8668,312,Deep/Acoustic
botswana pop,9792,1005,Atmospheric/Calm
historically informed performance,20342,422,Atmospheric/Calm
spanish blues,11106,736,Atmospheric/Calm
american early music,21535,302,Deep/Acoustic
baithak gana,9626,837,Atmospheric/Calm
xenharmonic,20748,396,Deep/Acoustic
neo honky tonk,11679,689,Atmospheric/Calm
indie trujillano,8787,475,Atmospheric/Calm
utah metal,9426,199,Deep/Acoustic
oromo pop,7447,957,Atmospheric/Calm
german shoegaze,7928,225,Deep/Acoustic
metal tico,8873,251,Deep/Acoustic
rock progresivo mexicano,13231,495,Atmospheric/Calm
bahamian folk,17767,1114,Atmospheric/Calm
eastern bloc groove,14291,633,Atmospheric/Calm
greek jazz,16248,705,Atmospheric/Calm
afghan traditional,19153,464,Atmospheric/Calm
gotico brasileiro,4354,414,Atmospheric/Calm
musica rapa nui,12426,799,Atmospheric/Calm
deep full on,701,915,Atmospheric/Calm
vintage swing,20281,1205,Atmospheric/Calm
bengali folk,19024,736,Atmospheric/Calm
candombe,11378,969,Atmospheric/Calm
covertrance,2572,806,Atmospheric/Calm
spanish psychedelic rock,9983,308,Deep/Acoustic
indonesian experimental,13934,384,Deep/Acoustic
santoor,15588,783,Atmospheric/Calm
belgian stoner rock,8644,194,Deep/Acoustic
arab experimental,13886,466,Atmospheric/Calm
dragspel,15171,813,Atmospheric/Calm
abstractro,14524,198,Deep/Acoustic
caucasian classical piano,22363,508,Atmospheric/Calm
irish gaelic folk,20076,596,Atmospheric/Calm
balafon,15851,1082,Atmospheric/Calm
unblack metal,8444,129,Deep/Acoustic
chinese experimental,11759,583,Atmospheric/Calm
javanese gamelan,19930,499,Atmospheric/Calm
garifuna folk,10574,923,Atmospheric/Calm
lai hla,9764,604,Atmospheric/Calm
marcha funebre,17125,133,Deep/Acoustic
indie hidrocalido,8396,586,Atmospheric/Calm
totalism,16686,352,Deep/Acoustic
spanish baroque,20807,596,Atmospheric/Calm
classic konkani pop,15535,779,Atmospheric/Calm
norwegian blues,12498,736,Atmospheric/Calm
streichquartett,21963,327,Deep/Acoustic
yuri,8212,618,Atmospheric/Calm
belarusian metal,6063,160,Deep/Acoustic
st petersburg fl indie,10638,441,Atmospheric/Calm
musique concrete,19521,425,Atmospheric/Calm
rajasthani folk,16231,736,Atmospheric/Calm
swiss punk,6248,388,Deep/Acoustic
mainland se asia metal,7535,262,Deep/Acoustic
circassian folk,6704,705,Atmospheric/Calm
taiko,15547,1017,Atmospheric/Calm
canadian choir,22072,161,Deep/Acoustic
jazz colombiano,14674,921,Atmospheric/Calm
medieval ensemble,19667,306,Deep/Acoustic
scottish drill,11704,1088,Atmospheric/Calm
indie arequipeno,7124,521,Atmospheric/Calm
minimal synth,4208,739,Atmospheric/Calm
classical flute,20865,414,Atmospheric/Calm
latin american heavy psych,11575,203,Deep/Acoustic
lithuanian folk,11747,718,Atmospheric/Calm
irish trap,6679,969,Atmospheric/Calm
molam,11808,858,Atmospheric/Calm
bolivian metal,7756,304,Deep/Acoustic
grunge revival,6542,257,Deep/Acoustic
classic female blues,21070,1032,Atmospheric/Calm
batswana traditional,10587,941,Atmospheric/Calm
jugendchor,20134,358,Deep/Acoustic
alandsk musik,12758,497,Atmospheric/Calm
muzica maramureseana,16277,694,Atmospheric/Calm
duhovne pjesme,11970,471,Atmospheric/Calm
gaddiyali pop,6111,703,Atmospheric/Calm
min'yo,17125,639,Atmospheric/Calm
rap gasy,8051,1135,Atmospheric/Calm
korean experimental,12746,439,Atmospheric/Calm
australian rockabilly,11667,639,Atmospheric/Calm
aberdeen indie,9835,390,Deep/Acoustic
romanian black metal,9230,94,Deep/Acoustic
thai worship,6818,736,Atmospheric/Calm
israeli traditional,17980,751,Atmospheric/Calm
christian symphonic metal,8098,207,Deep/Acoustic
andalusian classical,17914,533,Atmospheric/Calm
folclore castilla y leon,15485,806,Atmospheric/Calm
folk cantabria,15722,627,Atmospheric/Calm
men's choir,21683,176,Deep/Acoustic
marinera,13417,990,Atmospheric/Calm
himalayan folk,17008,549,Atmospheric/Calm
luxembourgian hip hop,7435,1105,Atmospheric/Calm
raga rock,13527,439,Atmospheric/Calm
trio cubano,17621,1141,Atmospheric/Calm
classical mezzo-soprano,21791,400,Atmospheric/Calm
brazilian rockabilly,9972,542,Atmospheric/Calm
russian death metal,5114,221,Deep/Acoustic
italian screamo,10220,268,Deep/Acoustic
kosovan indie,11132,547,Atmospheric/Calm
brazilian stoner rock,9033,287,Deep/Acoustic
macedonian indie,7694,593,Atmospheric/Calm
garo pop,8497,772,Atmospheric/Calm
nhac thieu nhi,7103,955,Atmospheric/Calm
dutch folk,16010,760,Atmospheric/Calm
cape breton indie,10687,563,Atmospheric/Calm
classical percussion,19170,677,Atmospheric/Calm
rock potiguar,8751,506,Atmospheric/Calm
pinoy traditional,14378,901,Atmospheric/Calm
senegalese traditional,15875,1034,Atmospheric/Calm
classical countertenor,21608,422,Atmospheric/Calm
brazilian contemporary classical,20865,599,Atmospheric/Calm
koto,22034,905,Atmospheric/Calm
bangla gojol,19738,828,Atmospheric/Calm
korean punk,7026,327,Deep/Acoustic
croatian folk,16026,515,Atmospheric/Calm
dombra,16540,992,Atmospheric/Calm
rap potiguar,9681,1051,Atmospheric/Calm
sindhi,11155,864,Atmospheric/Calm
hula,19404,832,Atmospheric/Calm
grim death metal,11636,163,Deep/Acoustic
prank,20134,1263,Atmospheric/Calm
neo-proto,8924,431,Atmospheric/Calm
danish electro,1929,760,Atmospheric/Calm
novos talentos brasileiros,12006,734,Atmospheric/Calm
israeli classical,21559,374,Deep/Acoustic
classical baritone,21632,431,Atmospheric/Calm
rhythm rock,14676,689,Atmospheric/Calm
colombian death metal,11063,161,Deep/Acoustic
german choir,21571,268,Deep/Acoustic
classic assamese pop,16102,734,Atmospheric/Calm
finnish techno,1651,1071,Atmospheric/Calm
zeuhl,14582,447,Atmospheric/Calm
colombian black metal,10978,94,Deep/Acoustic
portuguese contemporary classical,21072,416,Atmospheric/Calm
lagu betawi,10812,868,Atmospheric/Calm
kinnauri pop,3361,837,Atmospheric/Calm
korean classical performance,21340,344,Deep/Acoustic
rock nica,3608,851,Atmospheric/Calm
french classical piano,22375,508,Atmospheric/Calm
otroske pesmice,14564,821,Atmospheric/Calm
dutch punk rock,5928,292,Deep/Acoustic
umea indie,9218,362,Deep/Acoustic
cantonese opera,16014,551,Atmospheric/Calm
dutch contemporary classical,20714,402,Atmospheric/Calm
sinhala edm,2290,911,Atmospheric/Calm
metal noir quebecois,9194,78,Deep/Acoustic
danish hardcore,8909,145,Deep/Acoustic
mising pop,10399,788,Atmospheric/Calm
polynesian traditional,18556,760,Atmospheric/Calm
deep free jazz,18732,659,Atmospheric/Calm
glitter trance,1300,927,Atmospheric/Calm
scottish smallpipe,14553,366,Deep/Acoustic
deep vocal house,1564,933,Atmospheric/Calm
post-punk colombiano,3578,528,Atmospheric/Calm
brass quintet,21157,542,Atmospheric/Calm
canadian contemporary classical,21182,304,Deep/Acoustic
maghreb,14737,697,Atmospheric/Calm
musique peule,13896,945,Atmospheric/Calm
indonesian bamboo,14503,808,Atmospheric/Calm
slc hardcore,9761,232,Deep/Acoustic
rock sergipano,9328,481,Atmospheric/Calm
malawian folk,15045,1004,Atmospheric/Calm
finnish rockabilly,10489,689,Atmospheric/Calm
hakkapop,10601,689,Atmospheric/Calm
portuguese death metal,7162,165,Deep/Acoustic
dutch stoner rock,10917,214,Deep/Acoustic
saxophone trio,15275,689,Atmospheric/Calm
marimba,20923,806,Atmospheric/Calm
vintage finnish jazz,19316,670,Atmospheric/Calm
dhrupad,19024,471,Atmospheric/Calm
western ny metal,8601,183,Deep/Acoustic
euro hi-nrg,1067,913,Atmospheric/Calm
russian jazz,18189,765,Atmospheric/Calm
musica colimense,13697,1005,Atmospheric/Calm
deep northern soul,10967,788,Atmospheric/Calm
indian instrumental rock,10477,319,Deep/Acoustic
minnesota metal,8589,154,Deep/Acoustic
northamptonshire indie,6001,443,Atmospheric/Calm
canadian stoner rock,10648,176,Deep/Acoustic
epic collage,12783,370,Deep/Acoustic
ho munda,3945,824,Atmospheric/Calm
nyahbinghi,10882,1125,Atmospheric/Calm
kentucky mountain folk,20134,901,Atmospheric/Calm
mento,15400,1162,Atmospheric/Calm
irish ballad,21048,486,Atmospheric/Calm
italian blues,12660,741,Atmospheric/Calm
estonian metal,5334,279,Deep/Acoustic
muzica banateana,14762,870,Atmospheric/Calm
piada,19345,1299,Atmospheric/Calm
dytyachi pisni,8211,883,Atmospheric/Calm
classical trombone,20936,441,Atmospheric/Calm
italian progressive metal,7150,249,Deep/Acoustic
appalachian black metal,11149,73,Deep/Acoustic
zither,19521,973,Atmospheric/Calm
hangoskonyvek,17721,1263,Atmospheric/Calm
swiss experimental,12523,810,Atmospheric/Calm
metal salvadoreno,10931,382,Deep/Acoustic
guggenmusik,13788,581,Atmospheric/Calm
izvorna muzika,14451,839,Atmospheric/Calm
experimental percussion,15249,561,Atmospheric/Calm
dark black metal,10709,34,Deep/Acoustic
bikutsi,8966,1007,Atmospheric/Calm
tanzorchester,14131,877,Atmospheric/Calm
lok dohori,11919,692,Atmospheric/Calm
american classical piano,21389,521,Atmospheric/Calm
singaporean punk,7460,291,Deep/Acoustic
anime game,6174,384,Deep/Acoustic
eletronica underground brasileira,2177,1141,Atmospheric/Calm
italian modern prog,11660,258,Deep/Acoustic
salon music,18995,454,Atmospheric/Calm
classical accordion,19095,542,Atmospheric/Calm
iranian experimental,15605,272,Deep/Acoustic
thrash-groove metal,5051,270,Deep/Acoustic
polish classical piano,22648,501,Atmospheric/Calm
kikuyu pop,10894,1182,Atmospheric/Calm
chilean techno,1330,1013,Atmospheric/Calm
hungarian black metal,8086,85,Deep/Acoustic
kolo,12030,828,Atmospheric/Calm
welsh choir,22048,149,Deep/Acoustic
bulgarian metal,7249,255,Deep/Acoustic
edinburgh metal,9352,178,Deep/Acoustic
dogri pop,8335,854,Atmospheric/Calm
guatemalan indie,9169,599,Atmospheric/Calm
dutch baroque,21352,289,Deep/Acoustic
czsk black metal,9316,88,Deep/Acoustic
quebec metal,6370,285,Deep/Acoustic
borneo traditional,13825,856,Atmospheric/Calm
rozpravky,15430,1002,Atmospheric/Calm
vintage radio show,16803,1367,Atmospheric/Calm
alabama hardcore,9463,187,Deep/Acoustic
kikuyu gospel,7409,973,Atmospheric/Calm
moravian folk,20451,475,Atmospheric/Calm
experimental big band,16306,542,Atmospheric/Calm
macedonian rock,8763,537,Atmospheric/Calm
dutch experimental,15663,342,Deep/Acoustic
norwegian choir,21023,163,Deep/Acoustic
musique soninke,14611,1123,Atmospheric/Calm
orquesta cubana,15863,941,Atmospheric/Calm
chinese wind,20330,362,Deep/Acoustic
pipa,20310,847,Atmospheric/Calm
cerkes muzikleri,6372,758,Atmospheric/Calm
rakugo,19287,1224,Atmospheric/Calm
delaware indie,8518,372,Deep/Acoustic
sardinia indie,7891,458,Atmospheric/Calm
punk ecuatoriano,10190,431,Atmospheric/Calm
tulum,13996,408,Atmospheric/Calm
african metal,6802,236,Deep/Acoustic
autoharp,15337,703,Atmospheric/Calm
assamese hip hop,8273,973,Atmospheric/Calm
musique ancienne,20456,181,Deep/Acoustic
kapa haka,19871,435,Atmospheric/Calm
classic nz country,15461,763,Atmospheric/Calm
croatian electronic,365,1178,Hyper/Electronic
rock dominicano,9057,390,Deep/Acoustic
indie asturiana,12660,533,Atmospheric/Calm
musica blumenauense,11031,636,Atmospheric/Calm
stubenmusik,19345,1110,Atmospheric/Calm
synthetic classical,14463,431,Atmospheric/Calm
rock in opposition,14131,486,Atmospheric/Calm
frafra,10096,1144,Atmospheric/Calm
field recording,17417,258,Deep/Acoustic
ceske chvaly,10785,607,Atmospheric/Calm
middle eastern traditional,19065,741,Atmospheric/Calm
albanian folk,17125,435,Atmospheric/Calm
vintage hawaiian,19562,889,Atmospheric/Calm
deep indie singer-songwriter,12363,612,Atmospheric/Calm
detskie rasskazy,19696,1261,Atmospheric/Calm
chinese punk,6780,414,Atmospheric/Calm
rock pernambucano,9069,429,Atmospheric/Calm
blues band,11882,877,Atmospheric/Calm
christian doom metal,10699,236,Deep/Acoustic
spanish death metal,8466,190,Deep/Acoustic
santur,18732,542,Atmospheric/Calm
folklore panameno,15033,951,Atmospheric/Calm
early french punk,7544,519,Atmospheric/Calm
italian soprano,22061,331,Deep/Acoustic
mapouka,3594,1171,Atmospheric/Calm
deep italo disco,6842,959,Atmospheric/Calm
rock catarinense,6665,380,Deep/Acoustic
french experimental rock,12326,486,Atmospheric/Calm
serbian metal,7755,201,Deep/Acoustic
rongmei pop,9537,566,Atmospheric/Calm
black noise,12274,27,Deep/Acoustic
ceilidh,13638,718,Atmospheric/Calm
caucasian folk,20517,325,Deep/Acoustic
russian thrash metal,5039,313,Deep/Acoustic
sound collage,14897,650,Atmospheric/Calm
irish experimental electronic,5489,793,Atmospheric/Calm
indonesian thrash metal,5875,429,Atmospheric/Calm
haitian traditional,17370,959,Atmospheric/Calm
slovak metal,7026,218,Deep/Acoustic
gwoka,13578,1030,Atmospheric/Calm
indie queretano,6903,549,Atmospheric/Calm
metalcore espanol,5703,247,Deep/Acoustic
belgian hardcore,10770,270,Deep/Acoustic
korean traditional,18878,870,Atmospheric/Calm
malaysian hardcore,9057,227,Deep/Acoustic
lithuanian metal,7186,154,Deep/Acoustic
italian baritone,22135,384,Deep/Acoustic
ukrainian choir,22443,81,Deep/Acoustic
shehnai,18907,512,Atmospheric/Calm
german contemporary classical,21097,358,Deep/Acoustic
finnish contemporary classical,21816,185,Deep/Acoustic
musica mato-grossense,12949,621,Atmospheric/Calm
beat poetry,18966,1004,Atmospheric/Calm
brazilian heavy metal,5529,212,Deep/Acoustic
deep swedish rock,7248,384,Deep/Acoustic
belgian experimental,15082,464,Atmospheric/Calm
macau pop,8861,544,Atmospheric/Calm
kosovan folk,15559,475,Atmospheric/Calm
djembe,15605,1252,Atmospheric/Calm
instrumental black metal,9475,27,Deep/Acoustic
alpenpanorama,16686,919,Atmospheric/Calm
baroque singing,19007,412,Atmospheric/Calm
slash punk,10758,183,Deep/Acoustic
musica amapaense,9921,760,Atmospheric/Calm
trombone brasileiro,16039,971,Atmospheric/Calm
pontianak indie,8849,501,Atmospheric/Calm
african experimental,12289,551,Atmospheric/Calm
suomisaundi,1271,982,Atmospheric/Calm
vapor house,3025,1032,Atmospheric/Calm
dweilorkest,14229,756,Atmospheric/Calm
indie nica,7445,806,Atmospheric/Calm
nordic orchestra,20410,220,Deep/Acoustic
electroacoustic composition,18469,374,Deep/Acoustic
musica acoriana,10246,815,Atmospheric/Calm
saxony metal,6751,198,Deep/Acoustic
ladakhi pop,5784,828,Atmospheric/Calm
normal indie,11844,524,Atmospheric/Calm
alaska hip hop,7963,1043,Atmospheric/Calm
mexican power metal,6916,249,Deep/Acoustic
musica campineira,10994,604,Atmospheric/Calm
bandura,18072,512,Atmospheric/Calm
lincoln ne indie,10843,471,Atmospheric/Calm
soda pop,15693,646,Atmospheric/Calm
danish choir,21901,203,Deep/Acoustic
guqin,22092,971,Atmospheric/Calm
recorder,20164,456,Atmospheric/Calm
vintage classical singing,22601,370,Deep/Acoustic
british electroacoustic,18072,344,Deep/Acoustic
georgian polyphony,22338,165,Deep/Acoustic
latin american classical piano,22134,578,Atmospheric/Calm
spanish stoner rock,7952,262,Deep/Acoustic
humour francais,20205,1110,Atmospheric/Calm
chill groove,3581,1055,Atmospheric/Calm
historic classical performance,22122,770,Atmospheric/Calm
antilliaanse folklore,13591,1009,Atmospheric/Calm
bohol indie,8359,591,Atmospheric/Calm
idaho hip hop,9431,1062,Atmospheric/Calm
cimbalova muzika,20134,501,Atmospheric/Calm
theremin,16102,390,Deep/Acoustic
deep surf music,11759,454,Atmospheric/Calm
luxembourgian metal,5627,242,Deep/Acoustic
dutch idol pop,7249,753,Atmospheric/Calm
deep hardcore punk,10758,362,Deep/Acoustic
kantele,17517,547,Atmospheric/Calm
turkish black metal,9773,185,Deep/Acoustic
french contemporary classical,20772,294,Deep/Acoustic
modern performance,20076,348,Deep/Acoustic
brazilian post-rock,12252,368,Deep/Acoustic
musica rondoniense,7323,689,Atmospheric/Calm
deep space rock,10232,289,Deep/Acoustic
charred death,7012,129,Deep/Acoustic
rock sul-mato-grossense,6965,506,Atmospheric/Calm
moorish traditional,14823,939,Atmospheric/Calm
organetto,12821,1081,Atmospheric/Calm
punk tico,7658,362,Deep/Acoustic
bury st edmunds indie,10818,348,Deep/Acoustic
orkney and shetland folk,17371,510,Atmospheric/Calm
string orchestra,20200,308,Deep/Acoustic
h8000,11124,296,Deep/Acoustic
latin american baroque,21121,342,Deep/Acoustic
tan co,13676,790,Atmospheric/Calm
south borneo indie,5202,568,Atmospheric/Calm
modern free jazz,18644,674,Atmospheric/Calm
italian rockabilly,10196,726,Atmospheric/Calm
classical bass,21987,404,Atmospheric/Calm
russian modern jazz,16552,581,Atmospheric/Calm
taiwan graduation song,12646,479,Atmospheric/Calm
brazilian surf rock,7694,400,Atmospheric/Calm
czech classical piano,22589,441,Atmospheric/Calm
tibetan folk pop,12586,460,Atmospheric/Calm
aghani lil-atfal,12998,1026,Atmospheric/Calm
jazz composition,16552,748,Atmospheric/Calm
hip hop mauritanien,11901,1056,Atmospheric/Calm
classical bassoon,20602,416,Atmospheric/Calm
karntner volksmusik,21767,294,Deep/Acoustic
gayageum,20018,1196,Atmospheric/Calm
gong,18147,826,Atmospheric/Calm
esperanto,11643,790,Atmospheric/Calm
new england experimental,14500,376,Deep/Acoustic
glass,19462,317,Deep/Acoustic
italian occult psychedelia,12758,255,Deep/Acoustic
malaysian traditional,12884,810,Atmospheric/Calm
czech jazz,17504,751,Atmospheric/Calm
indie catracho,8137,770,Atmospheric/Calm
folclore extremeno,13652,885,Atmospheric/Calm
brazilian grindcore,11124,147,Deep/Acoustic
italian baroque ensemble,20785,360,Deep/Acoustic
extratone,4325,452,Atmospheric/Calm
indie tucumano,9254,512,Atmospheric/Calm
naturjodel,20492,315,Deep/Acoustic
rock abc paulista,8960,296,Deep/Acoustic
neo-trad doom metal,11283,247,Deep/Acoustic
austrian choir,21681,260,Deep/Acoustic
musica londrinense,8741,858,Atmospheric/Calm
rabm,9385,47,Deep/Acoustic
polish noise rock,11076,283,Deep/Acoustic
jazz caraibes,15149,911,Atmospheric/Calm
marsmuziek,19007,566,Atmospheric/Calm
musica caririense,9895,821,Atmospheric/Calm
lithuanian jazz,16740,758,Atmospheric/Calm
metal galego,6677,194,Deep/Acoustic
russian screamo,9388,227,Deep/Acoustic
somatik techno,2143,1101,Atmospheric/Calm
icelandic choir,20281,264,Deep/Acoustic
belfast metal,8210,165,Deep/Acoustic
chaotic black metal,11502,103,Deep/Acoustic
zohioliin duu,12857,460,Atmospheric/Calm
greek clarinet,15939,497,Atmospheric/Calm
gospel papiamento,7557,781,Atmospheric/Calm
classical oboe,20188,376,Deep/Acoustic
vintage old-time,20422,949,Atmospheric/Calm
italian bass,22012,414,Atmospheric/Calm
proto-rap,4705,1287,Atmospheric/Calm
jota aragonesa,20514,770,Atmospheric/Calm
liberian pop,5842,1155,Atmospheric/Calm
vintage gospel,21859,847,Atmospheric/Calm
jazz boliviano,14959,802,Atmospheric/Calm
irish experimental,15095,356,Deep/Acoustic
danish contemporary classical,21413,331,Deep/Acoustic
german grindcore,7940,207,Deep/Acoustic
skiffle,14835,945,Atmospheric/Calm
chakma pop,7273,815,Atmospheric/Calm
polish metalcore,4588,170,Deep/Acoustic
taiwan experimental,12986,537,Atmospheric/Calm
hipco,10531,1105,Atmospheric/Calm
deep active rock,3607,236,Deep/Acoustic
turkmen hip hop,7534,1055,Atmospheric/Calm
indian techno,816,1254,Atmospheric/Calm
egyptian traditional,16940,837,Atmospheric/Calm
folclore navarra,18856,808,Atmospheric/Calm
romanian contemporary classical,21498,364,Deep/Acoustic
cimbalom,17943,705,Atmospheric/Calm
belfast indie,8812,362,Deep/Acoustic
historic orchestral performance,21951,275,Deep/Acoustic
contra dance,15821,697,Atmospheric/Calm
flashcore,5611,627,Atmospheric/Calm
czech swing,20480,837,Atmospheric/Calm
austrian classical piano,22350,571,Atmospheric/Calm
mexican electronic,3569,1009,Atmospheric/Calm
latvian metal,5377,210,Deep/Acoustic
folklore quebecois,15008,1002,Atmospheric/Calm
french orchestra,20977,313,Deep/Acoustic
lion city hardcore,6790,223,Deep/Acoustic
zomi pop,9441,636,Atmospheric/Calm
orkiestra symfoniczna,21157,223,Deep/Acoustic
landler,15572,905,Atmospheric/Calm
hard chime,8000,408,Atmospheric/Calm
metal cristao,8025,225,Deep/Acoustic
magyar kabare,15221,1004,Atmospheric/Calm
thai traditional,19124,799,Atmospheric/Calm
swazi hip hop,11742,1075,Atmospheric/Calm
deep pop emo,5803,308,Deep/Acoustic
cante alentejano,20397,612,Atmospheric/Calm
cryptic black metal,10685,19,Deep/Acoustic
czech psychedelic,10956,313,Deep/Acoustic
spanish black metal,9994,38,Deep/Acoustic
italian industrial,11380,244,Deep/Acoustic
band organ,16163,542,Atmospheric/Calm
afrikaans folk,13871,786,Atmospheric/Calm
moroccan traditional,15647,921,Atmospheric/Calm
rock paraense,6653,348,Deep/Acoustic
thai psychedelic,15147,756,Atmospheric/Calm
ethnomusicology,18440,917,Atmospheric/Calm
ainu folk,14094,971,Atmospheric/Calm
northumbrian folk,18118,864,Atmospheric/Calm
deep orgcore,10061,242,Deep/Acoustic
karelian folk,14033,591,Atmospheric/Calm
italian classical guitar,20410,917,Atmospheric/Calm
mexican black metal,11539,50,Deep/Acoustic
portuguese post-rock,11526,277,Deep/Acoustic
rap paraense,10906,1075,Atmospheric/Calm
viola,21987,327,Deep/Acoustic
nadaswaram,17633,839,Atmospheric/Calm
italian heavy metal,5753,249,Deep/Acoustic
korean minyo,17767,596,Atmospheric/Calm
gypsy,17709,607,Atmospheric/Calm
classical piano trio,22268,378,Deep/Acoustic
minnesang,21206,533,Atmospheric/Calm
classical tuba,21474,501,Atmospheric/Calm
rap burkinabe,7864,1088,Atmospheric/Calm
baltic black metal,9242,99,Deep/Acoustic
maldivian pop,7298,788,Atmospheric/Calm
czech hardcore,5651,325,Deep/Acoustic
musica piemonteisa,14724,951,Atmospheric/Calm
indonesian black metal,9045,160,Deep/Acoustic
musique traditionnelle congolaise,14355,992,Atmospheric/Calm
metal paraguayo,8885,232,Deep/Acoustic
french rockabilly,12573,694,Atmospheric/Calm
portuguese hardcore,8236,216,Deep/Acoustic
palm wine guitar,15161,1047,Atmospheric/Calm
frevo,12773,813,Atmospheric/Calm
korean hardcore,8897,240,Deep/Acoustic
experimental dubstep,1294,1071,Atmospheric/Calm
baltic choir,21852,111,Deep/Acoustic
musica roraimense,8161,770,Atmospheric/Calm
baoule,7447,1115,Atmospheric/Calm
metal uruguayo,6665,249,Deep/Acoustic
ethiopian traditional,19475,864,Atmospheric/Calm
post-rock latinoamericano,10711,287,Deep/Acoustic
fife and drum,13660,1071,Atmospheric/Calm
metal balear,5903,249,Deep/Acoustic
classical guitar duo,21508,965,Atmospheric/Calm
troubadour,20485,551,Atmospheric/Calm
spoken word,13758,1045,Atmospheric/Calm
portuguese early music,21364,287,Deep/Acoustic
persian poetry,19462,609,Atmospheric/Calm
italian orchestra,21644,366,Deep/Acoustic
song poem,15780,770,Atmospheric/Calm
boy soprano,21999,255,Deep/Acoustic
korean contemporary classical,21779,247,Deep/Acoustic
deep indie rock,7606,484,Atmospheric/Calm
appenzeller folk,15174,503,Atmospheric/Calm
indie nordeste argentino,10276,537,Atmospheric/Calm
deep neo-synthpop,1388,703,Atmospheric/Calm
kadongo kamu,9307,1041,Atmospheric/Calm
irish death metal,8503,110,Deep/Acoustic
metal catarinense,7371,218,Deep/Acoustic
central american metal,7976,277,Deep/Acoustic
turkish hardcore,9884,223,Deep/Acoustic
animal singing,17967,832,Atmospheric/Calm
trombone ensemble,19988,475,Atmospheric/Calm
tatar folk,17738,583,Atmospheric/Calm
metal cearense,9957,167,Deep/Acoustic
baltic classical piano,22560,469,Atmospheric/Calm
marathi balgeet,14884,965,Atmospheric/Calm
deep southern soul,12998,864,Atmospheric/Calm
balochi folk,11440,915,Atmospheric/Calm
pansori,18089,1079,Atmospheric/Calm
dizi,17943,418,Atmospheric/Calm
brazilian classical piano,22326,689,Atmospheric/Calm
musique traditionnelle comorienne,13491,919,Atmospheric/Calm
inuit traditional,15746,746,Atmospheric/Calm
south african techno,2002,1146,Atmospheric/Calm
lagu jambi,3361,756,Atmospheric/Calm
sarangi,16628,492,Atmospheric/Calm
euphonium,21206,456,Atmospheric/Calm
spanish contemporary classical,20989,354,Deep/Acoustic
experimental poetry,17358,947,Atmospheric/Calm
rock nacional feminino,7224,262,Deep/Acoustic
yiddish folk,19855,929,Atmospheric/Calm
accordion band,13910,414,Atmospheric/Calm
musica sinfonica,18890,331,Deep/Acoustic
trecento,22048,242,Deep/Acoustic
sacred harp,20994,810,Atmospheric/Calm
portuguese experimental,14278,512,Atmospheric/Calm
deep r&b,3916,986,Atmospheric/Calm
polish experimental,13047,341,Deep/Acoustic
grunge argentina,6088,296,Deep/Acoustic
akordeon,6729,683,Atmospheric/Calm
hard dance,906,633,Atmospheric/Calm
metal baiano,9819,183,Deep/Acoustic
harmonikka,16131,736,Atmospheric/Calm
black metal argentino,9081,140,Deep/Acoustic
kamba pop,11578,1108,Atmospheric/Calm
ghanaian traditional,14227,1182,Atmospheric/Calm
taarab,13491,568,Atmospheric/Calm
nordnorsk ponk,9156,240,Deep/Acoustic
industrial noise,12186,163,Deep/Acoustic
hard stoner rock,10782,294,Deep/Acoustic
venezuelan metal,6904,264,Deep/Acoustic
traditional irish singing,21186,959,Atmospheric/Calm
luxembourgian electronic,1072,1170,Atmospheric/Calm
malaysian post-rock,9243,285,Deep/Acoustic
chinese black metal,8370,111,Deep/Acoustic
santa fe indie,12252,533,Atmospheric/Calm
malian traditional,16394,1086,Atmospheric/Calm
grunge brasileiro,6518,352,Deep/Acoustic
kazakh traditional,15324,845,Atmospheric/Calm
vietnamese traditional,16628,808,Atmospheric/Calm
tanzanian traditional,16640,815,Atmospheric/Calm
classical guitar quartet,21420,996,Atmospheric/Calm
deep delta blues,21216,891,Atmospheric/Calm
ethereal gothic,6198,447,Atmospheric/Calm
maltese metal,8638,97,Deep/Acoustic
estonian jazz,16932,683,Atmospheric/Calm
historical keyboard,20953,521,Atmospheric/Calm
jaw harp,17183,765,Atmospheric/Calm
irish hardcore,9451,317,Deep/Acoustic
musica puntana,9243,689,Atmospheric/Calm
alphorn,15400,521,Atmospheric/Calm
alternative hardcore,8334,495,Atmospheric/Calm
deep latin jazz,14613,921,Atmospheric/Calm
classical contralto,22411,406,Atmospheric/Calm
bulgarian experimental,12536,398,Deep/Acoustic
trouvere,19959,547,Atmospheric/Calm
classical piano duo,21800,663,Atmospheric/Calm
deep chill-out,5261,854,Atmospheric/Calm
punk ska,7829,578,Atmospheric/Calm
police band,15693,251,Deep/Acoustic
czech contemporary classical,21109,342,Deep/Acoustic
balkan classical piano,21963,443,Atmospheric/Calm
uyghur folk,13933,741,Atmospheric/Calm
swedish jazz orkester,19287,889,Atmospheric/Calm
jewish cantorial,22326,296,Deep/Acoustic
musica urbana oaxaquena,8176,1099,Atmospheric/Calm
school choir,17329,420,Atmospheric/Calm
ars subtilior,22238,207,Deep/Acoustic
necrogrind,9697,136,Deep/Acoustic
musique tchadienne,10858,1043,Atmospheric/Calm
montana metal,7621,221,Deep/Acoustic
irish modern jazz,16728,692,Atmospheric/Calm
cypriot metal,6505,190,Deep/Acoustic
portuguese classical,21669,464,Atmospheric/Calm
australian choir,22024,174,Deep/Acoustic
ghoststep,2424,965,Atmospheric/Calm
new zealand classical,19359,495,Atmospheric/Calm
iranian metal,7124,181,Deep/Acoustic
puerto rican metal,10245,225,Deep/Acoustic
indonesian electronic,1739,1112,Atmospheric/Calm
canto a tenore,21011,554,Atmospheric/Calm
chilean black metal,11161,85,Deep/Acoustic
lagu lampung,7495,721,Atmospheric/Calm
bells,20573,289,Deep/Acoustic
south african dnb,2584,868,Atmospheric/Calm
jangle rock,9562,425,Atmospheric/Calm
huqin,20342,350,Deep/Acoustic
romanian classical piano,22387,537,Atmospheric/Calm
peruvian death metal,10599,154,Deep/Acoustic
brazilian doom metal,11392,127,Deep/Acoustic
deep indie pop,11747,460,Atmospheric/Calm
art song,22074,431,Atmospheric/Calm
metis fiddle,13651,731,Atmospheric/Calm
classical horn,21486,374,Deep/Acoustic
central asian folk,18335,731,Atmospheric/Calm
rock cristao fluminense,6284,313,Deep/Acoustic
pygmy music,16915,851,Atmospheric/Calm
shantykoren,18323,354,Deep/Acoustic
cosmic uplifting trance,1008,601,Atmospheric/Calm
hawaiian punk,11296,394,Deep/Acoustic
deep motown,15058,734,Atmospheric/Calm
pibroch,18440,145,Deep/Acoustic
russian oi,5965,344,Deep/Acoustic
caribbean metal,9340,270,Deep/Acoustic
school ensemble,17750,508,Atmospheric/Calm
twee indie pop,10489,479,Atmospheric/Calm
vanuatu music,7643,1064,Atmospheric/Calm
horo,17709,517,Atmospheric/Calm
tahitian traditional,15722,949,Atmospheric/Calm
metal nortista,9475,205,Deep/Acoustic
handbells,19053,251,Deep/Acoustic
polish early music,21938,174,Deep/Acoustic
musica ponta-grossense,8374,711,Atmospheric/Calm
schrammelmusik,19784,806,Atmospheric/Calm
indie tabasqueno,9623,464,Atmospheric/Calm
metal pernambucano,8285,234,Deep/Acoustic
classical saxophone quartet,21644,497,Atmospheric/Calm
czech experimental,12869,380,Deep/Acoustic
deep symphonic black metal,10563,67,Deep/Acoustic
musica mogiana,13262,881,Atmospheric/Calm
opera chorus,22355,312,Deep/Acoustic
albanian iso polyphony,21620,315,Deep/Acoustic
drone psych,13479,535,Atmospheric/Calm
draaiorgel,15220,655,Atmospheric/Calm
sirmauri pop,7533,758,Atmospheric/Calm
twin cities indie,9739,519,Atmospheric/Calm
austrian contemporary classical,20176,386,Deep/Acoustic
clarinet ensemble,19375,624,Atmospheric/Calm
baroque woodwind,20690,441,Atmospheric/Calm
indonesian indigenous traditional,19796,813,Atmospheric/Calm
burkinabe traditional,15058,1097,Atmospheric/Calm
musica maringaense,6928,469,Atmospheric/Calm
harsh noise wall,14027,74,Deep/Acoustic
chip hop,6953,874,Atmospheric/Calm
swiss contemporary classical,21461,348,Deep/Acoustic
modern downshift,5128,392,Deep/Acoustic
polish choir,21926,185,Deep/Acoustic
baroque violin,20281,445,Atmospheric/Calm
lagu madura,4191,777,Atmospheric/Calm
deep smooth r&b,8716,913,Atmospheric/Calm
trad jazz catala,19913,821,Atmospheric/Calm
dark electro-industrial,1797,561,Atmospheric/Calm
kaba gaida,19112,257,Deep/Acoustic
rock noise,7668,588,Atmospheric/Calm
wagnerian singing,22514,275,Deep/Acoustic
indie emo rock,11600,394,Deep/Acoustic
peruvian experimental,12897,368,Deep/Acoustic
musique alsacienne,14576,872,Atmospheric/Calm
cantonese traditional,19533,360,Deep/Acoustic
belgian classical piano,22543,473,Atmospheric/Calm
deep power-pop punk,9303,308,Deep/Acoustic
deep deep tech house,536,1386,Unknown
rwandan traditional,18498,1017,Atmospheric/Calm
kyrgyz traditional,20819,915,Atmospheric/Calm
burmese traditional,20047,845,Atmospheric/Calm
chinese opera,22338,627,Atmospheric/Calm
burundian traditional,14215,1162,Atmospheric/Calm
baroque cello,20047,566,Atmospheric/Calm
cambodian traditional,19550,795,Atmospheric/Calm
vintage swoon,14439,556,Atmospheric/Calm
musique centrafricaine,13721,1041,Atmospheric/Calm
faroese jazz,16394,677,Atmospheric/Calm
bruneian indie,8087,410,Atmospheric/Calm
korean classical piano,21620,530,Atmospheric/Calm
vintage rockabilly,15094,905,Atmospheric/Calm
rhythm and boogie,16131,815,Atmospheric/Calm
marci brijuzi,15542,503,Atmospheric/Calm
papuan traditional,18206,578,Atmospheric/Calm
macedonian metal,8346,242,Deep/Acoustic
lao traditional,19959,834,Atmospheric/Calm
gay chorus,21011,253,Deep/Acoustic
wind quintet,22151,439,Atmospheric/Calm
polish free jazz,18569,561,Atmospheric/Calm
deep breakcore,4509,767,Atmospheric/Calm
tanci,22297,1170,Atmospheric/Calm
balikpapan indie,4763,429,Atmospheric/Calm
uzbek traditional,20164,711,Atmospheric/Calm
musica timor-leste,15411,751,Atmospheric/Calm
italian violin,20517,454,Atmospheric/Calm
wandelweiser,20355,317,Deep/Acoustic
bothy ballad,19755,1060,Atmospheric/Calm
metal piauiense,9574,167,Deep/Acoustic
kenyan traditional,18101,1092,Atmospheric/Calm
quatuor a cordes,21389,384,Deep/Acoustic
italian choir,22455,64,Deep/Acoustic
zampogna,14728,264,Deep/Acoustic
ugandan traditional,17563,1064,Atmospheric/Calm
yemeni traditional,19053,851,Atmospheric/Calm
tajik traditional,19725,909,Atmospheric/Calm
wind ensemble,22292,352,Deep/Acoustic
hungarian choir,20894,201,Deep/Acoustic
swiss classical piano,22326,427,Atmospheric/Calm
mazandarani folk,19112,765,Atmospheric/Calm
historic string quartet,22280,364,Deep/Acoustic
italian mezzo-soprano,22399,414,Atmospheric/Calm
swazi traditional,19842,1002,Atmospheric/Calm
trallalero,21718,486,Atmospheric/Calm
baroque brass,21169,464,Atmospheric/Calm
himene tarava,21011,390,Deep/Acoustic
vintage western,18410,1123,Atmospheric/Calm
classical string trio,21840,380,Deep/Acoustic
cinematic dubstep,2104,1084,Atmospheric/Calm
quartetto d'archi,18498,429,Atmospheric/Calm
yunnan traditional,18118,713,Atmospheric/Calm
classical piano quartet,19621,386,Deep/Acoustic
string quintet,19141,492,Atmospheric/Calm
youth orchestra,21255,174,Deep/Acoustic
